Time [h]	Verbauch [W]
0	417
1	366
2	240
3	237
4	262
5	1162
6	315
7	361
8	401
9	2734
10	2817
11	3212
12	3056
13	3763
14	2727
15	1750
16	1816
17	1288
18	1583
19	784
20	500
21	989
22	1065
23	275
24	240
25	261
26	267
27	240
28	250
29	1276
30	313
31	302
32	368
33	1781
34	3044
35	2195
36	2432
37	2722
38	1968
39	1856
40	1464
41	1141
42	491
43	400
44	519
45	422
46	351
47	210
48	245
49	233
50	232
51	256
52	211
53	277
54	299
55	336
56	445
57	1252
58	3443
59	2530
60	2263
61	1443
62	1655
63	1223
64	1480
65	1336
66	1507
67	612
68	637
69	500
70	501
71	306
72	222
73	244
74	203
75	245
76	194
77	251
78	244
79	348
80	377
81	1024
82	2536
83	2263
84	1685
85	2004
86	1277
87	1442
88	1190
89	408
90	952
91	634
92	667
93	409
94	362
95	387
96	251
97	270
98	237
99	274
100	234
101	279
102	295
103	347
104	309
105	900
106	3976
107	1818
108	2309
109	1453
110	2118
111	2217
112	2382
113	1084
114	2215
115	774
116	622
117	545
118	326
119	201
120	167
121	184
122	188
123	171
124	167
125	357
126	393
127	260
128	265
129	1034
130	2481
131	1530
132	713
133	940
134	819
135	772
136	1144
137	881
138	1495
139	1196
140	458
141	365
142	371
143	224
144	212
145	201
146	691
147	622
148	216
149	1076
150	484
151	372
152	272
153	1325
154	2991
155	2105
156	2184
157	1549
158	2132
159	1708
160	1386
161	1238
162	844
163	674
164	512
165	630
166	626
167	239
168	223
169	373
170	675
171	214
172	655
173	1263
174	378
175	221
176	227
177	1374
178	2917
179	1125
180	2688
181	1100
182	1234
183	1271
184	1177
185	921
186	1102
187	730
188	1017
189	617
190	537
191	180
192	177
193	180
194	180
195	170
196	175
197	669
198	373
199	345
200	333
201	1259
202	1967
203	2280
204	2159
205	1648
206	1597
207	2086
208	2246
209	1175
210	2097
211	744
212	546
213	532
214	409
215	229
216	211
217	201
218	224
219	229
220	202
221	805
222	690
223	502
224	283
225	693
226	2750
227	2129
228	2397
229	1643
230	1337
231	1313
232	1834
233	2350
234	1238
235	516
236	528
237	474
238	452
239	221
240	172
241	173
242	229
243	220
244	224
245	812
246	314
247	336
248	478
249	2051
250	3259
251	3273
252	3799
253	1513
254	1763
255	1723
256	1170
257	1446
258	734
259	1181
260	554
261	478
262	411
263	300
264	270
265	296
266	292
267	264
268	298
269	1305
270	365
271	393
272	358
273	1384
274	4098
275	3883
276	3845
277	1708
278	1678
279	1731
280	1720
281	1841
282	1012
283	801
284	545
285	469
286	475
287	364
288	230
289	224
290	162
291	178
292	2059
293	620
294	609
295	298
296	271
297	1174
298	2830
299	1634
300	2189
301	1384
302	1555
303	1360
304	1312
305	1225
306	1976
307	887
308	1292
309	944
310	300
311	218
312	192
313	229
314	226
315	197
316	2217
317	244
318	351
319	340
320	268
321	621
322	2011
323	2018
324	1575
325	1166
326	955
327	1114
328	1405
329	2045
330	2271
331	1303
332	1339
333	1256
334	258
335	172
336	165
337	183
338	183
339	168
340	1692
341	908
342	377
343	277
344	261
345	1060
346	2252
347	2281
348	2851
349	2292
350	1854
351	848
352	1179
353	1082
354	1241
355	709
356	588
357	338
358	239
359	179
360	176
361	151
362	172
363	177
364	696
365	877
366	453
367	295
368	264
369	1593
370	3188
371	1769
372	2259
373	2642
374	2926
375	203
376	394
377	1672
378	949
379	1869
380	716
381	371
382	352
383	273
384	269
385	290
386	641
387	1005
388	1624
389	801
390	692
391	1081
392	339
393	2130
394	1974
395	2520
396	2891
397	1010
398	163
399	173
400	233
401	938
402	1700
403	1034
404	273
405	203
406	160
407	157
408	174
409	174
410	154
411	165
412	1909
413	795
414	212
415	252
416	273
417	860
418	2195
419	1460
420	1205
421	1472
422	1378
423	255
424	1151
425	1401
426	345
427	263
428	257
429	195
430	147
431	189
432	821
433	1005
434	983
435	924
436	2325
437	621
438	239
439	505
440	1285
441	1664
442	3086
443	2269
444	2088
445	2127
446	741
447	1458
448	1294
449	1043
450	607
451	1197
452	532
453	417
454	251
455	255
456	254
457	232
458	241
459	248
460	252
461	1247
462	756
463	321
464	1483
465	1501
466	2849
467	2356
468	2931
469	1569
470	2313
471	1126
472	252
473	497
474	1792
475	755
476	453
477	460
478	316
479	172
480	172
481	182
482	1675
483	182
484	159
485	212
486	499
487	1589
488	488
489	1717
490	2880
491	2999
492	2703
493	3563
494	2868
495	1517
496	252
497	967
498	500
499	926
500	633
501	557
502	409
503	316
504	301
505	299
506	301
507	575
508	1661
509	561
510	1088
511	1573
512	1203
513	2177
514	3005
515	1665
516	2516
517	721
518	1852
519	240
520	210
521	1588
522	452
523	424
524	503
525	378
526	310
527	173
528	975
529	208
530	181
531	483
532	959
533	202
534	405
535	1043
536	1062
537	1319
538	2197
539	2284
540	1106
541	583
542	764
543	179
544	860
545	302
546	1143
547	867
548	479
549	356
550	297
551	183
552	1254
553	187
554	186
555	997
556	2470
557	1017
558	576
559	2208
560	1651
561	1691
562	2932
563	2122
564	2230
565	3093
566	3449
567	1518
568	485
569	873
570	1422
571	1473
572	528
573	306
574	294
575	235
576	178
577	165
578	181
579	502
580	1321
581	169
582	292
583	807
584	1299
585	1613
586	3565
587	2985
588	3186
589	2164
590	2710
591	2938
592	3081
593	3397
594	994
595	554
596	418
597	365
598	338
599	267
600	263
601	342
602	1231
603	581
604	1917
605	264
606	485
607	1741
608	1284
609	1149
610	3672
611	2075
612	3304
613	1339
614	2411
615	1536
616	1119
617	522
618	478
619	694
620	463
621	386
622	425
623	368
624	317
625	1062
626	459
627	420
628	2124
629	338
630	704
631	331
632	689
633	2027
634	4486
635	2441
636	2082
637	2185
638	2694
639	873
640	187
641	337
642	422
643	553
644	590
645	358
646	325
647	306
648	302
649	296
650	483
651	1282
652	1506
653	1029
654	443
655	455
656	403
657	997
658	1667
659	3373
660	1593
661	189
662	176
663	171
664	1170
665	228
666	258
667	690
668	394
669	411
670	314
671	189
672	621
673	201
674	187
675	787
676	826
677	976
678	780
679	1298
680	964
681	2141
682	2259
683	2146
684	2750
685	2143
686	2109
687	182
688	812
689	480
690	345
691	522
692	461
693	394
694	359
695	297
696	205
697	920
698	181
699	491
700	1219
701	290
702	394
703	1324
704	217
705	1603
706	2953
707	2156
708	1209
709	1892
710	1109
711	536
712	168
713	258
714	227
715	285
716	398
717	267
718	201
719	173
720	164
721	170
722	173
723	165
724	1633
725	215
726	382
727	223
728	224
729	555
730	1995
731	1555
732	2040
733	2109
734	1399
735	1097
736	294
737	1932
738	894
739	1053
740	1054
741	426
742	359
743	287
744	243
745	236
746	229
747	234
748	906
749	254
750	300
751	442
752	444
753	384
754	2481
755	2399
756	1602
757	630
758	1525
759	812
760	580
761	1338
762	571
763	472
764	448
765	368
766	328
767	224
768	211
769	240
770	201
771	218
772	1750
773	928
774	312
775	619
776	892
777	1459
778	3093
779	2331
780	1077
781	891
782	523
783	1673
784	293
785	431
786	587
787	484
788	529
789	524
790	392
791	341
792	169
793	169
794	170
795	169
796	181
797	527
798	736
799	513
800	227
801	1096
802	2277
803	2078
804	2133
805	2370
806	2566
807	1650
808	712
809	724
810	1333
811	483
812	597
813	461
814	395
815	228
816	237
817	233
818	252
819	479
820	1549
821	226
822	603
823	885
824	1189
825	1814
826	2523
827	1431
828	696
829	910
830	273
831	1157
832	193
833	563
834	2510
835	1176
836	516
837	700
838	958
839	330
840	301
841	272
842	249
843	1225
844	1846
845	437
846	493
847	1967
848	1147
849	2232
850	2400
851	1863
852	3854
853	2214
854	2725
855	1871
856	472
857	1267
858	629
859	505
860	505
861	1244
862	946
863	326
864	657
865	1067
866	852
867	856
868	1589
869	267
870	407
871	353
872	313
873	1413
874	3150
875	2100
876	742
877	1261
878	382
879	280
880	1288
881	669
882	442
883	776
884	825
885	422
886	393
887	330
888	784
889	576
890	287
891	1148
892	2310
893	1003
894	986
895	1560
896	1729
897	2180
898	3144
899	1747
900	2164
901	2226
902	943
903	316
904	292
905	468
906	622
907	562
908	502
909	469
910	425
911	324
912	1238
913	295
914	701
915	614
916	1305
917	299
918	1436
919	1115
920	1108
921	2770
922	3694
923	3121
924	4535
925	3106
926	3990
927	3378
928	3360
929	2964
930	3255
931	2102
932	1063
933	419
934	326
935	222
936	1100
937	257
938	210
939	1126
940	378
941	213
942	298
943	375
944	918
945	2038
946	4279
947	2839
948	3493
949	732
950	625
951	520
952	330
953	419
954	417
955	451
956	445
957	482
958	273
959	252
960	245
961	241
962	244
963	243
964	258
965	255
966	264
967	430
968	332
969	381
970	3032
971	1043
972	1323
973	1794
974	2913
975	1750
976	1066
977	326
978	1110
979	643
980	432
981	313
982	274
983	175
984	163
985	158
986	175
987	1610
988	409
989	182
990	193
991	1742
992	601
993	2316
994	3146
995	1707
996	2289
997	963
998	2944
999	282
1000	171
1001	244
1002	416
1003	802
1004	668
1005	445
1006	294
1007	209
1008	214
1009	211
1010	218
1011	518
1012	1845
1013	206
1014	239
1015	1471
1016	1713
1017	1322
1018	3051
1019	3530
1020	2400
1021	795
1022	1203
1023	410
1024	177
1025	196
1026	336
1027	369
1028	330
1029	326
1030	303
1031	269
1032	235
1033	233
1034	238
1035	446
1036	906
1037	252
1038	670
1039	1514
1040	920
1041	1860
1042	3170
1043	2197
1044	1777
1045	632
1046	1071
1047	733
1048	163
1049	355
1050	1860
1051	346
1052	526
1053	317
1054	238
1055	247
1056	248
1057	247
1058	231
1059	523
1060	1969
1061	249
1062	416
1063	298
1064	179
1065	689
1066	3231
1067	2030
1068	1146
1069	2078
1070	2143
1071	1189
1072	207
1073	1270
1074	487
1075	446
1076	437
1077	386
1078	372
1079	298
1080	276
1081	285
1082	291
1083	581
1084	1701
1085	288
1086	283
1087	412
1088	1386
1089	609
1090	3038
1091	2800
1092	3363
1093	577
1094	1567
1095	1925
1096	1167
1097	812
1098	1089
1099	600
1100	433
1101	456
1102	419
1103	208
1104	239
1105	231
1106	205
1107	246
1108	436
1109	923
1110	269
1111	289
1112	339
1113	1635
1114	4013
1115	2730
1116	1706
1117	2593
1118	1344
1119	361
1120	633
1121	454
1122	1216
1123	620
1124	469
1125	444
1126	355
1127	312
1128	286
1129	257
1130	243
1131	263
1132	278
1133	269
1134	259
1135	287
1136	220
1137	1572
1138	3682
1139	2518
1140	1385
1141	1315
1142	224
1143	210
1144	197
1145	254
1146	1861
1147	640
1148	463
1149	422
1150	367
1151	237
1152	238
1153	212
1154	249
1155	1643
1156	2085
1157	223
1158	279
1159	255
1160	171
1161	2913
1162	3792
1163	559
1164	1646
1165	2657
1166	486
1167	333
1168	188
1169	304
1170	351
1171	414
1172	420
1173	356
1174	305
1175	236
1176	238
1177	212
1178	226
1179	259
1180	1236
1181	904
1182	255
1183	298
1184	270
1185	1616
1186	2453
1187	2213
1188	1646
1189	1659
1190	2412
1191	1433
1192	399
1193	282
1194	349
1195	503
1196	440
1197	423
1198	206
1199	158
1200	175
1201	178
1202	179
1203	459
1204	1857
1205	275
1206	202
1207	1316
1208	207
1209	1539
1210	3212
1211	2174
1212	1584
1213	458
1214	1215
1215	238
1216	255
1217	1276
1218	1215
1219	535
1220	584
1221	442
1222	426
1223	315
1224	271
1225	278
1226	259
1227	264
1228	1458
1229	952
1230	401
1231	878
1232	1468
1233	2937
1234	3115
1235	2656
1236	2250
1237	1175
1238	883
1239	1203
1240	417
1241	419
1242	547
1243	592
1244	531
1245	498
1246	275
1247	246
1248	241
1249	263
1250	266
1251	246
1252	2202
1253	1009
1254	267
1255	881
1256	435
1257	1578
1258	1912
1259	2788
1260	2816
1261	529
1262	249
1263	249
1264	1061
1265	455
1266	406
1267	522
1268	493
1269	392
1270	333
1271	256
1272	256
1273	261
1274	250
1275	414
1276	1697
1277	263
1278	263
1279	491
1280	292
1281	2198
1282	5130
1283	2701
1284	3902
1285	1806
1286	712
1287	585
1288	1024
1289	572
1290	450
1291	503
1292	588
1293	507
1294	389
1295	184
1296	169
1297	175
1298	188
1299	182
1300	167
1301	185
1302	571
1303	198
1304	161
1305	1102
1306	2408
1307	1676
1308	2421
1309	2455
1310	1369
1311	189
1312	162
1313	814
1314	2356
1315	1232
1316	349
1317	261
1318	259
1319	187
1320	182
1321	159
1322	179
1323	193
1324	191
1325	184
1326	395
1327	226
1328	172
1329	2283
1330	2099
1331	1141
1332	1995
1333	1570
1334	698
1335	1015
1336	217
1337	1436
1338	619
1339	1036
1340	559
1341	441
1342	282
1343	262
1344	271
1345	530
1346	230
1347	274
1348	2059
1349	283
1350	534
1351	208
1352	169
1353	1516
1354	2349
1355	1830
1356	318
1357	635
1358	148
1359	300
1360	854
1361	1028
1362	784
1363	464
1364	434
1365	419
1366	362
1367	255
1368	231
1369	1080
1370	258
1371	538
1372	1541
1373	242
1374	544
1375	1801
1376	1542
1377	2510
1378	2289
1379	2040
1380	2114
1381	2869
1382	198
1383	154
1384	171
1385	1731
1386	640
1387	395
1388	389
1389	359
1390	328
1391	316
1392	414
1393	349
1394	409
1395	704
1396	1692
1397	211
1398	378
1399	846
1400	1140
1401	1649
1402	2219
1403	1785
1404	745
1405	1281
1406	730
1407	2435
1408	179
1409	253
1410	339
1411	1030
1412	403
1413	394
1414	290
1415	229
1416	251
1417	249
1418	225
1419	237
1420	245
1421	257
1422	929
1423	1984
1424	899
1425	2245
1426	2873
1427	3719
1428	4425
1429	2591
1430	2140
1431	1910
1432	1183
1433	801
1434	878
1435	1312
1436	517
1437	452
1438	447
1439	424
1440	172
1441	170
1442	162
1443	163
1444	1619
1445	167
1446	223
1447	222
1448	1075
1449	869
1450	2767
1451	4191
1452	988
1453	3232
1454	1409
1455	1676
1456	698
1457	307
1458	546
1459	536
1460	460
1461	370
1462	344
1463	189
1464	166
1465	163
1466	164
1467	165
1468	1343
1469	877
1470	512
1471	179
1472	561
1473	1338
1474	1712
1475	2271
1476	2061
1477	434
1478	145
1479	1344
1480	779
1481	305
1482	896
1483	369
1484	476
1485	385
1486	333
1487	295
1488	280
1489	286
1490	456
1491	1819
1492	1181
1493	302
1494	368
1495	974
1496	418
1497	1725
1498	3788
1499	2509
1500	2781
1501	2188
1502	1769
1503	1666
1504	210
1505	252
1506	1466
1507	507
1508	524
1509	433
1510	258
1511	1044
1512	201
1513	744
1514	280
1515	501
1516	1388
1517	218
1518	431
1519	674
1520	1555
1521	2541
1522	2443
1523	2163
1524	500
1525	721
1526	271
1527	308
1528	314
1529	649
1530	1030
1531	268
1532	384
1533	326
1534	241
1535	242
1536	249
1537	244
1538	246
1539	247
1540	244
1541	250
1542	432
1543	225
1544	1863
1545	2104
1546	2005
1547	1991
1548	1013
1549	1607
1550	2246
1551	2578
1552	494
1553	895
1554	1142
1555	970
1556	452
1557	331
1558	254
1559	222
1560	223
1561	222
1562	220
1563	217
1564	212
1565	213
1566	549
1567	176
1568	164
1569	249
1570	3101
1571	1706
1572	1621
1573	666
1574	203
1575	1462
1576	1515
1577	1055
1578	1154
1579	1199
1580	315
1581	185
1582	172
1583	158
1584	163
1585	191
1586	193
1587	187
1588	168
1589	191
1590	386
1591	612
1592	579
1593	1431
1594	3020
1595	2246
1596	940
1597	2093
1598	2158
1599	2474
1600	3099
1601	701
1602	454
1603	346
1604	481
1605	418
1606	375
1607	284
1608	249
1609	240
1610	256
1611	246
1612	220
1613	261
1614	326
1615	516
1616	2627
1617	4953
1618	2686
1619	3134
1620	2132
1621	2172
1622	2414
1623	962
1624	319
1625	317
1626	419
1627	417
1628	415
1629	411
1630	346
1631	242
1632	241
1633	240
1634	234
1635	233
1636	229
1637	236
1638	508
1639	251
1640	270
1641	1515
1642	3210
1643	2879
1644	2552
1645	1761
1646	1876
1647	1043
1648	283
1649	278
1650	1008
1651	457
1652	733
1653	1021
1654	282
1655	229
1656	229
1657	233
1658	241
1659	784
1660	2108
1661	273
1662	363
1663	1065
1664	667
1665	240
1666	2616
1667	1581
1668	1708
1669	1865
1670	2225
1671	925
1672	241
1673	213
1674	518
1675	542
1676	366
1677	346
1678	306
1679	257
1680	255
1681	260
1682	260
1683	259
1684	253
1685	254
1686	385
1687	189
1688	185
1689	733
1690	3066
1691	1613
1692	2613
1693	2126
1694	1738
1695	479
1696	1168
1697	793
1698	537
1699	1007
1700	423
1701	501
1702	417
1703	281
1704	224
1705	245
1706	236
1707	231
1708	233
1709	256
1710	466
1711	193
1712	1588
1713	1714
1714	2669
1715	1012
1716	369
1717	728
1718	526
1719	987
1720	199
1721	230
1722	1515
1723	388
1724	395
1725	417
1726	348
1727	219
1728	209
1729	211
1730	210
1731	210
1732	210
1733	229
1734	366
1735	189
1736	1464
1737	977
1738	2155
1739	1801
1740	3198
1741	2004
1742	195
1743	681
1744	982
1745	243
1746	1398
1747	853
1748	332
1749	323
1750	276
1751	205
1752	210
1753	211
1754	185
1755	206
1756	214
1757	219
1758	270
1759	563
1760	3409
1761	3187
1762	5231
1763	3411
1764	2581
1765	3214
1766	2758
1767	2382
1768	2331
1769	1769
1770	2663
1771	1764
1772	441
1773	423
1774	354
1775	219
1776	203
1777	203
1778	192
1779	187
1780	187
1781	187
1782	244
1783	1531
1784	1979
1785	2885
1786	2721
1787	2587
1788	2679
1789	2580
1790	2015
1791	1081
1792	1690
1793	583
1794	1663
1795	1188
1796	997
1797	850
1798	390
1799	286
1800	292
1801	287
1802	281
1803	279
1804	282
1805	309
1806	436
1807	1077
1808	1741
1809	2255
1810	2017
1811	2867
1812	2587
1813	1873
1814	1064
1815	844
1816	327
1817	472
1818	416
1819	1172
1820	355
1821	272
1822	275
1823	241
1824	247
1825	250
1826	1387
1827	1829
1828	1499
1829	1025
1830	352
1831	252
1832	208
1833	2182
1834	2157
1835	2142
1836	2074
1837	257
1838	299
1839	358
1840	348
1841	1106
1842	949
1843	514
1844	432
1845	454
1846	380
1847	263
1848	241
1849	238
1850	251
1851	237
1852	233
1853	236
1854	253
1855	359
1856	1709
1857	1814
1858	2556
1859	4130
1860	3747
1861	4304
1862	4276
1863	1334
1864	1803
1865	407
1866	649
1867	578
1868	578
1869	502
1870	363
1871	317
1872	297
1873	286
1874	284
1875	275
1876	286
1877	267
1878	596
1879	509
1880	422
1881	802
1882	3327
1883	4345
1884	3984
1885	1953
1886	1921
1887	2332
1888	405
1889	460
1890	1233
1891	989
1892	534
1893	462
1894	460
1895	291
1896	275
1897	282
1898	251
1899	263
1900	269
1901	236
1902	306
1903	419
1904	486
1905	433
1906	3109
1907	2235
1908	1828
1909	722
1910	299
1911	346
1912	1286
1913	250
1914	362
1915	527
1916	458
1917	382
1918	280
1919	260
1920	241
1921	265
1922	267
1923	239
1924	274
1925	284
1926	303
1927	364
1928	693
1929	1751
1930	3804
1931	2104
1932	2677
1933	2720
1934	1423
1935	2375
1936	3311
1937	1450
1938	398
1939	578
1940	527
1941	433
1942	402
1943	364
1944	295
1945	257
1946	222
1947	250
1948	248
1949	219
1950	289
1951	275
1952	1381
1953	3249
1954	3037
1955	3155
1956	3074
1957	2127
1958	1714
1959	1981
1960	2275
1961	2303
1962	1914
1963	589
1964	623
1965	574
1966	547
1967	365
1968	178
1969	188
1970	187
1971	189
1972	192
1973	189
1974	216
1975	1798
1976	1969
1977	1711
1978	2248
1979	2217
1980	3108
1981	2552
1982	1218
1983	2340
1984	2406
1985	2497
1986	1868
1987	882
1988	649
1989	453
1990	332
1991	190
1992	189
1993	199
1994	195
1995	191
1996	189
1997	186
1998	201
1999	621
2000	2068
2001	2029
2002	2511
2003	2982
2004	2739
2005	1741
2006	3600
2007	3138
2008	2129
2009	435
2010	342
2011	531
2012	781
2013	421
2014	382
2015	244
2016	243
2017	251
2018	257
2019	250
2020	248
2021	244
2022	239
2023	1161
2024	2232
2025	3137
2026	3880
2027	3338
2028	3185
2029	4096
2030	3017
2031	3272
2032	1247
2033	714
2034	372
2035	604
2036	481
2037	461
2038	376
2039	243
2040	240
2041	241
2042	248
2043	252
2044	248
2045	253
2046	290
2047	825
2048	2174
2049	1995
2050	2528
2051	3776
2052	3586
2053	1383
2054	851
2055	619
2056	1919
2057	766
2058	356
2059	513
2060	383
2061	214
2062	187
2063	188
2064	185
2065	182
2066	197
2067	190
2068	193
2069	197
2070	282
2071	274
2072	1101
2073	2063
2074	3379
2075	2007
2076	2360
2077	1406
2078	1700
2079	1776
2080	310
2081	319
2082	477
2083	613
2084	437
2085	394
2086	361
2087	278
2088	284
2089	253
2090	257
2091	286
2092	265
2093	281
2094	349
2095	296
2096	2056
2097	1588
2098	3039
2099	3588
2100	2445
2101	2270
2102	2181
2103	1695
2104	1776
2105	1468
2106	633
2107	535
2108	371
2109	413
2110	374
2111	259
2112	202
2113	157
2114	221
2115	182
2116	189
2117	182
2118	217
2119	204
2120	361
2121	1096
2122	3073
2123	2605
2124	1558
2125	312
2126	303
2127	362
2128	283
2129	604
2130	1364
2131	581
2132	441
2133	439
2134	388
2135	421
2136	325
2137	298
2138	321
2139	279
2140	317
2141	271
2142	328
2143	344
2144	2287
2145	3079
2146	2600
2147	3736
2148	3497
2149	3161
2150	1590
2151	1449
2152	416
2153	438
2154	342
2155	478
2156	484
2157	427
2158	320
2159	291
2160	309
2161	293
2162	269
2163	295
2164	297
2165	269
2166	340
2167	476
2168	429
2169	987
2170	2791
2171	2952
2172	2146
2173	2798
2174	2190
2175	1228
2176	2902
2177	2068
2178	3348
2179	1035
2180	444
2181	384
2182	298
2183	242
2184	253
2185	279
2186	243
2187	254
2188	269
2189	241
2190	358
2191	432
2192	2232
2193	1947
2194	1989
2195	2948
2196	2898
2197	4358
2198	3569
2199	2224
2200	3049
2201	1899
2202	1417
2203	1148
2204	1052
2205	538
2206	465
2207	383
2208	276
2209	272
2210	272
2211	254
2212	258
2213	274
2214	319
2215	801
2216	2207
2217	2227
2218	1863
2219	2865
2220	3877
2221	278
2222	1064
2223	776
2224	231
2225	249
2226	279
2227	457
2228	434
2229	431
2230	436
2231	337
2232	259
2233	275
2234	287
2235	283
2236	262
2237	281
2238	291
2239	447
2240	405
2241	976
2242	3312
2243	2236
2244	2816
2245	3025
2246	3385
2247	2415
2248	1611
2249	1246
2250	551
2251	1020
2252	439
2253	436
2254	350
2255	237
2256	252
2257	259
2258	241
2259	236
2260	260
2261	249
2262	245
2263	276
2264	327
2265	1038
2266	2340
2267	2265
2268	2919
2269	1681
2270	2235
2271	1937
2272	1138
2273	1847
2274	1282
2275	468
2276	420
2277	403
2278	411
2279	321
2280	270
2281	297
2282	272
2283	282
2284	280
2285	247
2286	309
2287	328
2288	2131
2289	3597
2290	5291
2291	3054
2292	3390
2293	1282
2294	855
2295	1957
2296	1568
2297	2520
2298	1044
2299	440
2300	456
2301	415
2302	370
2303	358
2304	274
2305	228
2306	237
2307	256
2308	217
2309	238
2310	277
2311	259
2312	1877
2313	1712
2314	2246
2315	2383
2316	2889
2317	2385
2318	1016
2319	334
2320	861
2321	288
2322	508
2323	520
2324	445
2325	380
2326	268
2327	268
2328	283
2329	252
2330	274
2331	298
2332	242
2333	283
2334	304
2335	307
2336	843
2337	2064
2338	694
2339	468
2340	1168
2341	810
2342	665
2343	617
2344	1977
2345	326
2346	366
2347	642
2348	409
2349	375
2350	374
2351	340
2352	308
2353	282
2354	287
2355	304
2356	303
2357	289
2358	322
2359	792
2360	291
2361	2079
2362	2947
2363	263
2364	2960
2365	1539
2366	498
2367	341
2368	981
2369	836
2370	328
2371	471
2372	354
2373	412
2374	391
2375	280
2376	244
2377	244
2378	260
2379	270
2380	265
2381	264
2382	272
2383	258
2384	417
2385	1515
2386	1643
2387	296
2388	1746
2389	1386
2390	836
2391	849
2392	2566
2393	460
2394	447
2395	446
2396	437
2397	380
2398	239
2399	233
2400	236
2401	247
2402	254
2403	250
2404	233
2405	270
2406	346
2407	717
2408	1140
2409	967
2410	2923
2411	984
2412	809
2413	1491
2414	800
2415	711
2416	549
2417	319
2418	404
2419	990
2420	428
2421	379
2422	374
2423	269
2424	246
2425	229
2426	229
2427	244
2428	240
2429	233
2430	253
2431	270
2432	327
2433	1842
2434	3835
2435	2280
2436	3467
2437	1472
2438	2300
2439	2234
2440	1740
2441	713
2442	385
2443	371
2444	537
2445	850
2446	355
2447	242
2448	239
2449	232
2450	232
2451	232
2452	228
2453	230
2454	252
2455	353
2456	1194
2457	1346
2458	2877
2459	3858
2460	1282
2461	1079
2462	711
2463	507
2464	349
2465	340
2466	342
2467	303
2468	375
2469	331
2470	277
2471	315
2472	269
2473	265
2474	262
2475	259
2476	255
2477	254
2478	273
2479	611
2480	403
2481	307
2482	1327
2483	2257
2484	1139
2485	1985
2486	2467
2487	2023
2488	279
2489	647
2490	372
2491	410
2492	452
2493	416
2494	397
2495	258
2496	253
2497	269
2498	267
2499	274
2500	267
2501	265
2502	289
2503	335
2504	693
2505	2444
2506	2881
2507	3258
2508	3507
2509	3522
2510	2239
2511	2617
2512	2568
2513	2571
2514	384
2515	467
2516	417
2517	331
2518	334
2519	322
2520	282
2521	258
2522	267
2523	259
2524	255
2525	255
2526	285
2527	318
2528	309
2529	1068
2530	2259
2531	2803
2532	4176
2533	2320
2534	524
2535	609
2536	295
2537	329
2538	410
2539	416
2540	394
2541	478
2542	448
2543	320
2544	235
2545	235
2546	223
2547	220
2548	230
2549	233
2550	249
2551	779
2552	287
2553	1946
2554	2040
2555	2263
2556	301
2557	284
2558	283
2559	651
2560	492
2561	521
2562	593
2563	866
2564	685
2565	491
2566	437
2567	381
2568	313
2569	303
2570	293
2571	298
2572	299
2573	292
2574	307
2575	649
2576	852
2577	1993
2578	3264
2579	3202
2580	3682
2581	3115
2582	3932
2583	1289
2584	952
2585	355
2586	382
2587	515
2588	478
2589	481
2590	366
2591	308
2592	316
2593	320
2594	318
2595	324
2596	317
2597	308
2598	335
2599	391
2600	2497
2601	1937
2602	2895
2603	1956
2604	1158
2605	943
2606	798
2607	342
2608	1605
2609	293
2610	303
2611	291
2612	398
2613	401
2614	269
2615	248
2616	245
2617	241
2618	247
2619	256
2620	249
2621	247
2622	314
2623	341
2624	428
2625	1968
2626	3528
2627	4150
2628	3854
2629	4079
2630	3669
2631	3151
2632	862
2633	1047
2634	921
2635	1061
2636	382
2637	433
2638	364
2639	304
2640	276
2641	261
2642	273
2643	298
2644	297
2645	283
2646	345
2647	385
2648	2487
2649	1990
2650	4053
2651	2336
2652	4396
2653	2656
2654	1995
2655	1586
2656	1627
2657	720
2658	905
2659	437
2660	498
2661	618
2662	422
2663	274
2664	261
2665	251
2666	234
2667	259
2668	255
2669	239
2670	279
2671	295
2672	1803
2673	1880
2674	2668
2675	1034
2676	1242
2677	414
2678	1352
2679	836
2680	248
2681	279
2682	305
2683	411
2684	410
2685	412
2686	366
2687	286
2688	238
2689	287
2690	224
2691	267
2692	252
2693	233
2694	308
2695	212
2696	595
2697	1173
2698	1838
2699	3267
2700	1996
2701	518
2702	922
2703	809
2704	262
2705	504
2706	335
2707	460
2708	475
2709	431
2710	381
2711	282
2712	276
2713	276
2714	273
2715	281
2716	275
2717	277
2718	329
2719	743
2720	2052
2721	1887
2722	1946
2723	2864
2724	3905
2725	1600
2726	1117
2727	801
2728	1879
2729	414
2730	339
2731	521
2732	372
2733	426
2734	469
2735	373
2736	305
2737	287
2738	267
2739	269
2740	277
2741	252
2742	293
2743	271
2744	1797
2745	1147
2746	890
2747	326
2748	909
2749	1920
2750	754
2751	738
2752	2767
2753	528
2754	453
2755	487
2756	603
2757	440
2758	459
2759	284
2760	277
2761	250
2762	263
2763	246
2764	250
2765	249
2766	270
2767	317
2768	434
2769	423
2770	1459
2771	2136
2772	3015
2773	2247
2774	3614
2775	2444
2776	2403
2777	2283
2778	432
2779	442
2780	486
2781	546
2782	413
2783	323
2784	276
2785	262
2786	259
2787	263
2788	259
2789	259
2790	272
2791	288
2792	322
2793	349
2794	3638
2795	2512
2796	2546
2797	2148
2798	1727
2799	714
2800	2007
2801	897
2802	362
2803	424
2804	597
2805	449
2806	409
2807	280
2808	273
2809	264
2810	269
2811	265
2812	267
2813	277
2814	382
2815	687
2816	2227
2817	1374
2818	2033
2819	713
2820	1019
2821	1503
2822	1205
2823	1271
2824	262
2825	273
2826	347
2827	500
2828	476
2829	374
2830	359
2831	354
2832	347
2833	336
2834	330
2835	337
2836	316
2837	325
2838	341
2839	366
2840	1841
2841	523
2842	308
2843	306
2844	1200
2845	693
2846	833
2847	412
2848	557
2849	448
2850	466
2851	550
2852	1284
2853	1884
2854	975
2855	219
2856	209
2857	205
2858	209
2859	212
2860	202
2861	200
2862	670
2863	319
2864	1019
2865	982
2866	2756
2867	287
2868	794
2869	1630
2870	994
2871	857
2872	421
2873	445
2874	510
2875	594
2876	1339
2877	921
2878	354
2879	281
2880	271
2881	263
2882	263
2883	250
2884	258
2885	288
2886	394
2887	1302
2888	718
2889	1154
2890	356
2891	336
2892	1153
2893	530
2894	1970
2895	882
2896	1398
2897	348
2898	381
2899	661
2900	775
2901	477
2902	412
2903	239
2904	283
2905	237
2906	391
2907	360
2908	411
2909	295
2910	310
2911	644
2912	2594
2913	2369
2914	2068
2915	1732
2916	3122
2917	1403
2918	245
2919	739
2920	279
2921	270
2922	1760
2923	626
2924	435
2925	434
2926	373
2927	287
2928	245
2929	301
2930	233
2931	300
2932	230
2933	289
2934	273
2935	374
2936	342
2937	1355
2938	5094
2939	2499
2940	3458
2941	1686
2942	3218
2943	517
2944	1405
2945	2273
2946	2246
2947	381
2948	518
2949	371
2950	360
2951	242
2952	295
2953	229
2954	287
2955	239
2956	275
2957	256
2958	297
2959	353
2960	1520
2961	1038
2962	2835
2963	3176
2964	807
2965	1137
2966	875
2967	823
2968	300
2969	299
2970	323
2971	491
2972	544
2973	694
2974	508
2975	399
2976	251
2977	299
2978	233
2979	296
2980	241
2981	290
2982	245
2983	774
2984	956
2985	1462
2986	2155
2987	1991
2988	1252
2989	665
2990	1091
2991	893
2992	1527
2993	884
2994	334
2995	462
2996	505
2997	480
2998	389
2999	242
3000	321
3001	291
3002	266
3003	292
3004	249
3005	310
3006	246
3007	337
3008	965
3009	1249
3010	3231
3011	1722
3012	1151
3013	1944
3014	367
3015	311
3016	299
3017	324
3018	342
3019	476
3020	540
3021	474
3022	379
3023	324
3024	299
3025	322
3026	308
3027	315
3028	320
3029	305
3030	337
3031	358
3032	1178
3033	1278
3034	3237
3035	1993
3036	3812
3037	3441
3038	971
3039	873
3040	320
3041	843
3042	340
3043	483
3044	429
3045	426
3046	319
3047	356
3048	275
3049	282
3050	236
3051	273
3052	245
3053	279
3054	329
3055	262
3056	273
3057	662
3058	2186
3059	1702
3060	2184
3061	2166
3062	2278
3063	2459
3064	2829
3065	1904
3066	358
3067	410
3068	907
3069	489
3070	405
3071	334
3072	304
3073	299
3074	263
3075	273
3076	309
3077	257
3078	292
3079	788
3080	1212
3081	1918
3082	1032
3083	239
3084	922
3085	1437
3086	2169
3087	1278
3088	426
3089	1102
3090	1130
3091	624
3092	600
3093	509
3094	486
3095	301
3096	269
3097	259
3098	304
3099	331
3100	304
3101	267
3102	251
3103	285
3104	1799
3105	1428
3106	2447
3107	1090
3108	2586
3109	1277
3110	211
3111	273
3112	312
3113	616
3114	491
3115	442
3116	530
3117	858
3118	403
3119	248
3120	253
3121	314
3122	310
3123	254
3124	241
3125	275
3126	350
3127	366
3128	351
3129	913
3130	261
3131	258
3132	318
3133	253
3134	495
3135	809
3136	586
3137	528
3138	506
3139	672
3140	673
3141	635
3142	494
3143	361
3144	289
3145	306
3146	291
3147	301
3148	277
3149	307
3150	305
3151	361
3152	1256
3153	1470
3154	3316
3155	2590
3156	1842
3157	331
3158	326
3159	437
3160	503
3161	2228
3162	650
3163	498
3164	623
3165	523
3166	377
3167	323
3168	297
3169	343
3170	266
3171	308
3172	261
3173	307
3174	311
3175	830
3176	1611
3177	2671
3178	2940
3179	2439
3180	2508
3181	2422
3182	2066
3183	2248
3184	502
3185	1625
3186	592
3187	460
3188	469
3189	423
3190	436
3191	405
3192	307
3193	318
3194	384
3195	361
3196	311
3197	347
3198	380
3199	366
3200	1109
3201	1871
3202	2281
3203	2229
3204	3175
3205	2642
3206	3115
3207	828
3208	2427
3209	460
3210	493
3211	588
3212	446
3213	487
3214	370
3215	371
3216	317
3217	338
3218	295
3219	350
3220	295
3221	354
3222	804
3223	732
3224	2223
3225	1931
3226	3269
3227	1035
3228	280
3229	941
3230	2493
3231	489
3232	337
3233	347
3234	596
3235	524
3236	466
3237	404
3238	348
3239	278
3240	307
3241	297
3242	286
3243	299
3244	291
3245	307
3246	288
3247	293
3248	2224
3249	1401
3250	1931
3251	1532
3252	1955
3253	2588
3254	1320
3255	1395
3256	340
3257	894
3258	541
3259	1018
3260	1190
3261	545
3262	679
3263	310
3264	276
3265	300
3266	281
3267	292
3268	290
3269	302
3270	313
3271	272
3272	318
3273	2466
3274	318
3275	320
3276	815
3277	393
3278	1734
3279	768
3280	393
3281	1367
3282	1361
3283	400
3284	374
3285	440
3286	410
3287	337
3288	314
3289	278
3290	318
3291	274
3292	294
3293	301
3294	295
3295	306
3296	1567
3297	2276
3298	2264
3299	2242
3300	402
3301	810
3302	538
3303	480
3304	257
3305	325
3306	621
3307	1815
3308	408
3309	384
3310	308
3311	237
3312	273
3313	284
3314	247
3315	270
3316	272
3317	256
3318	784
3319	660
3320	2384
3321	1389
3322	843
3323	279
3324	639
3325	314
3326	562
3327	416
3328	290
3329	357
3330	552
3331	656
3332	390
3333	413
3334	322
3335	314
3336	286
3337	282
3338	299
3339	294
3340	272
3341	328
3342	308
3343	315
3344	1718
3345	179
3346	1584
3347	886
3348	1399
3349	751
3350	634
3351	270
3352	345
3353	365
3354	479
3355	499
3356	531
3357	629
3358	508
3359	370
3360	355
3361	261
3362	210
3363	245
3364	222
3365	235
3366	698
3367	428
3368	312
3369	283
3370	2609
3371	280
3372	241
3373	286
3374	232
3375	261
3376	347
3377	352
3378	1004
3379	421
3380	405
3381	451
3382	285
3383	260
3384	240
3385	237
3386	191
3387	223
3388	194
3389	234
3390	203
3391	476
3392	1031
3393	2428
3394	2446
3395	2947
3396	2424
3397	506
3398	1070
3399	1846
3400	2692
3401	305
3402	251
3403	853
3404	830
3405	490
3406	378
3407	352
3408	225
3409	282
3410	279
3411	236
3412	213
3413	219
3414	252
3415	658
3416	1167
3417	1517
3418	3536
3419	3705
3420	3655
3421	598
3422	911
3423	543
3424	383
3425	257
3426	273
3427	237
3428	356
3429	352
3430	277
3431	245
3432	241
3433	239
3434	240
3435	243
3436	236
3437	250
3438	368
3439	407
3440	523
3441	321
3442	2390
3443	798
3444	257
3445	213
3446	241
3447	224
3448	234
3449	671
3450	276
3451	378
3452	417
3453	402
3454	264
3455	232
3456	230
3457	234
3458	241
3459	233
3460	227
3461	225
3462	255
3463	259
3464	1668
3465	1497
3466	1976
3467	1442
3468	4180
3469	1729
3470	1996
3471	769
3472	368
3473	419
3474	377
3475	504
3476	409
3477	397
3478	348
3479	293
3480	294
3481	286
3482	292
3483	289
3484	287
3485	302
3486	378
3487	346
3488	491
3489	1098
3490	2487
3491	2339
3492	1997
3493	2411
3494	1207
3495	1013
3496	876
3497	1032
3498	1018
3499	430
3500	368
3501	533
3502	478
3503	357
3504	363
3505	349
3506	341
3507	345
3508	356
3509	382
3510	441
3511	292
3512	185
3513	1553
3514	2699
3515	1976
3516	608
3517	268
3518	231
3519	182
3520	1025
3521	217
3522	259
3523	358
3524	356
3525	356
3526	309
3527	213
3528	197
3529	205
3530	211
3531	213
3532	197
3533	201
3534	267
3535	254
3536	1363
3537	2822
3538	1300
3539	238
3540	456
3541	317
3542	320
3543	342
3544	319
3545	297
3546	334
3547	912
3548	916
3549	493
3550	447
3551	276
3552	320
3553	325
3554	263
3555	269
3556	279
3557	314
3558	365
3559	262
3560	1650
3561	661
3562	867
3563	321
3564	600
3565	427
3566	313
3567	262
3568	307
3569	284
3570	347
3571	535
3572	454
3573	365
3574	384
3575	276
3576	196
3577	227
3578	221
3579	204
3580	204
3581	242
3582	371
3583	237
3584	1617
3585	1964
3586	268
3587	1656
3588	1802
3589	1872
3590	858
3591	306
3592	295
3593	275
3594	269
3595	416
3596	488
3597	503
3598	397
3599	268
3600	250
3601	250
3602	248
3603	241
3604	237
3605	251
3606	235
3607	233
3608	946
3609	808
3610	2174
3611	2178
3612	1514
3613	1364
3614	1394
3615	1181
3616	1150
3617	987
3618	896
3619	515
3620	385
3621	356
3622	278
3623	238
3624	242
3625	236
3626	234
3627	234
3628	237
3629	251
3630	234
3631	389
3632	1461
3633	2149
3634	1927
3635	1092
3636	447
3637	690
3638	238
3639	220
3640	236
3641	259
3642	271
3643	304
3644	479
3645	400
3646	386
3647	288
3648	264
3649	254
3650	238
3651	239
3652	237
3653	248
3654	248
3655	666
3656	1012
3657	1466
3658	1309
3659	1065
3660	1049
3661	1306
3662	964
3663	771
3664	431
3665	538
3666	747
3667	374
3668	330
3669	288
3670	342
3671	267
3672	207
3673	243
3674	232
3675	217
3676	210
3677	236
3678	280
3679	193
3680	1252
3681	846
3682	136
3683	119
3684	1011
3685	700
3686	141
3687	163
3688	169
3689	252
3690	290
3691	336
3692	420
3693	376
3694	272
3695	246
3696	217
3697	237
3698	215
3699	218
3700	217
3701	237
3702	278
3703	904
3704	1638
3705	520
3706	172
3707	143
3708	140
3709	193
3710	174
3711	173
3712	177
3713	177
3714	724
3715	721
3716	810
3717	262
3718	184
3719	183
3720	170
3721	155
3722	181
3723	182
3724	164
3725	166
3726	291
3727	269
3728	1848
3729	154
3730	176
3731	215
3732	198
3733	717
3734	176
3735	211
3736	259
3737	1029
3738	1040
3739	563
3740	347
3741	467
3742	409
3743	256
3744	243
3745	253
3746	234
3747	221
3748	237
3749	241
3750	1050
3751	369
3752	419
3753	1741
3754	1198
3755	297
3756	1992
3757	2415
3758	380
3759	222
3760	253
3761	283
3762	264
3763	255
3764	267
3765	312
3766	206
3767	191
3768	171
3769	181
3770	160
3771	183
3772	178
3773	178
3774	197
3775	356
3776	371
3777	239
3778	199
3779	2053
3780	181
3781	204
3782	890
3783	714
3784	177
3785	187
3786	189
3787	322
3788	381
3789	356
3790	348
3791	222
3792	262
3793	224
3794	250
3795	262
3796	231
3797	276
3798	235
3799	318
3800	374
3801	288
3802	2066
3803	678
3804	275
3805	973
3806	1175
3807	1087
3808	340
3809	307
3810	339
3811	375
3812	426
3813	420
3814	371
3815	249
3816	246
3817	265
3818	265
3819	267
3820	272
3821	274
3822	310
3823	183
3824	1536
3825	1620
3826	1627
3827	134
3828	165
3829	168
3830	167
3831	172
3832	185
3833	197
3834	207
3835	193
3836	234
3837	282
3838	307
3839	299
3840	301
3841	289
3842	235
3843	231
3844	231
3845	244
3846	328
3847	246
3848	203
3849	185
3850	168
3851	144
3852	225
3853	197
3854	204
3855	208
3856	216
3857	599
3858	1177
3859	581
3860	507
3861	383
3862	298
3863	263
3864	217
3865	227
3866	231
3867	223
3868	215
3869	230
3870	298
3871	233
3872	208
3873	1414
3874	960
3875	597
3876	850
3877	956
3878	284
3879	237
3880	420
3881	379
3882	298
3883	340
3884	325
3885	315
3886	236
3887	224
3888	225
3889	242
3890	227
3891	225
3892	232
3893	258
3894	396
3895	788
3896	774
3897	450
3898	2209
3899	1112
3900	3105
3901	1288
3902	429
3903	293
3904	286
3905	291
3906	274
3907	403
3908	464
3909	393
3910	361
3911	291
3912	244
3913	237
3914	232
3915	231
3916	230
3917	249
3918	312
3919	250
3920	280
3921	942
3922	694
3923	641
3924	1014
3925	1505
3926	1700
3927	1506
3928	1348
3929	1687
3930	1509
3931	873
3932	809
3933	1035
3934	319
3935	283
3936	224
3937	241
3938	248
3939	230
3940	229
3941	251
3942	262
3943	332
3944	2111
3945	1388
3946	2456
3947	2182
3948	2102
3949	1948
3950	1037
3951	978
3952	2939
3953	645
3954	447
3955	1303
3956	871
3957	586
3958	394
3959	259
3960	238
3961	236
3962	222
3963	208
3964	227
3965	241
3966	325
3967	489
3968	492
3969	477
3970	571
3971	643
3972	481
3973	478
3974	1813
3975	485
3976	612
3977	543
3978	576
3979	643
3980	583
3981	564
3982	402
3983	318
3984	306
3985	293
3986	293
3987	303
3988	310
3989	305
3990	368
3991	1082
3992	2190
3993	422
3994	380
3995	389
3996	393
3997	402
3998	419
3999	397
4000	367
4001	459
4002	436
4003	505
4004	506
4005	514
4006	361
4007	305
4008	256
4009	244
4010	235
4011	229
4012	252
4013	232
4014	294
4015	472
4016	1651
4017	424
4018	382
4019	380
4020	901
4021	506
4022	1575
4023	509
4024	494
4025	483
4026	570
4027	610
4028	626
4029	648
4030	522
4031	376
4032	272
4033	185
4034	186
4035	178
4036	198
4037	186
4038	224
4039	1007
4040	329
4041	281
4042	341
4043	426
4044	847
4045	420
4046	345
4047	373
4048	712
4049	1190
4050	1089
4051	975
4052	571
4053	678
4054	453
4055	313
4056	290
4057	268
4058	277
4059	260
4060	270
4061	290
4062	425
4063	366
4064	372
4065	357
4066	2520
4067	349
4068	585
4069	641
4070	360
4071	401
4072	419
4073	386
4074	852
4075	740
4076	760
4077	769
4078	596
4079	357
4080	285
4081	252
4082	272
4083	267
4084	237
4085	270
4086	271
4087	189
4088	172
4089	904
4090	224
4091	190
4092	587
4093	233
4094	172
4095	207
4096	965
4097	471
4098	491
4099	345
4100	432
4101	501
4102	478
4103	278
4104	275
4105	267
4106	226
4107	243
4108	252
4109	332
4110	412
4111	1064
4112	704
4113	1116
4114	3049
4115	2310
4116	1783
4117	751
4118	316
4119	306
4120	417
4121	1117
4122	626
4123	1196
4124	529
4125	538
4126	435
4127	339
4128	290
4129	283
4130	310
4131	321
4132	318
4133	330
4134	338
4135	313
4136	410
4137	551
4138	3371
4139	2293
4140	359
4141	316
4142	852
4143	780
4144	588
4145	1238
4146	612
4147	1162
4148	900
4149	581
4150	360
4151	271
4152	280
4153	264
4154	230
4155	267
4156	261
4157	230
4158	294
4159	1208
4160	934
4161	344
4162	352
4163	315
4164	351
4165	386
4166	384
4167	395
4168	399
4169	813
4170	1288
4171	506
4172	660
4173	658
4174	414
4175	274
4176	278
4177	244
4178	255
4179	266
4180	261
4181	243
4182	314
4183	530
4184	2168
4185	352
4186	346
4187	359
4188	364
4189	377
4190	375
4191	337
4192	352
4193	410
4194	416
4195	964
4196	646
4197	675
4198	554
4199	368
4200	252
4201	265
4202	277
4203	237
4204	260
4205	191
4206	404
4207	1382
4208	1451
4209	701
4210	418
4211	509
4212	405
4213	376
4214	816
4215	420
4216	665
4217	1206
4218	1145
4219	920
4220	1147
4221	531
4222	258
4223	203
4224	219
4225	190
4226	209
4227	223
4228	185
4229	236
4230	377
4231	279
4232	1122
4233	241
4234	222
4235	234
4236	228
4237	200
4238	284
4239	381
4240	1107
4241	1098
4242	1117
4243	983
4244	512
4245	554
4246	411
4247	252
4248	221
4249	225
4250	209
4251	204
4252	222
4253	228
4254	279
4255	304
4256	927
4257	330
4258	344
4259	364
4260	363
4261	336
4262	389
4263	377
4264	357
4265	380
4266	460
4267	566
4268	450
4269	494
4270	331
4271	210
4272	216
4273	208
4274	208
4275	207
4276	205
4277	219
4278	217
4279	439
4280	1782
4281	785
4282	1196
4283	2764
4284	1237
4285	364
4286	1144
4287	1416
4288	1228
4289	464
4290	396
4291	408
4292	484
4293	562
4294	432
4295	275
4296	267
4297	266
4298	264
4299	263
4300	261
4301	272
4302	395
4303	474
4304	557
4305	503
4306	494
4307	470
4308	383
4309	390
4310	397
4311	373
4312	375
4313	479
4314	537
4315	620
4316	552
4317	585
4318	462
4319	247
4320	205
4321	208
4322	208
4323	202
4324	202
4325	209
4326	345
4327	228
4328	255
4329	1658
4330	371
4331	372
4332	363
4333	353
4334	362
4335	375
4336	185
4337	508
4338	350
4339	1214
4340	952
4341	338
4342	301
4343	197
4344	192
4345	217
4346	171
4347	219
4348	190
4349	205
4350	259
4351	1511
4352	496
4353	319
4354	362
4355	339
4356	366
4357	363
4358	310
4359	364
4360	353
4361	392
4362	442
4363	504
4364	613
4365	610
4366	425
4367	258
4368	205
4369	200
4370	200
4371	215
4372	223
4373	219
4374	236
4375	629
4376	1167
4377	777
4378	532
4379	3208
4380	1920
4381	658
4382	344
4383	1088
4384	823
4385	488
4386	1456
4387	505
4388	528
4389	530
4390	395
4391	340
4392	267
4393	226
4394	208
4395	189
4396	202
4397	219
4398	352
4399	358
4400	390
4401	356
4402	352
4403	1065
4404	382
4405	451
4406	375
4407	362
4408	354
4409	390
4410	394
4411	561
4412	441
4413	406
4414	283
4415	221
4416	215
4417	207
4418	208
4419	207
4420	215
4421	226
4422	289
4423	196
4424	1781
4425	266
4426	334
4427	323
4428	356
4429	340
4430	333
4431	333
4432	349
4433	374
4434	382
4435	1058
4436	501
4437	422
4438	296
4439	222
4440	188
4441	192
4442	208
4443	212
4444	187
4445	300
4446	304
4447	370
4448	519
4449	2371
4450	2979
4451	484
4452	673
4453	714
4454	494
4455	476
4456	772
4457	739
4458	490
4459	460
4460	484
4461	437
4462	406
4463	304
4464	264
4465	269
4466	256
4467	278
4468	244
4469	300
4470	359
4471	489
4472	1716
4473	730
4474	2673
4475	2103
4476	1597
4477	1236
4478	1070
4479	862
4480	577
4481	551
4482	604
4483	617
4484	621
4485	614
4486	349
4487	311
4488	249
4489	298
4490	244
4491	299
4492	245
4493	303
4494	436
4495	413
4496	391
4497	1656
4498	335
4499	345
4500	371
4501	350
4502	362
4503	377
4504	381
4505	1236
4506	737
4507	734
4508	571
4509	467
4510	307
4511	278
4512	284
4513	285
4514	297
4515	260
4516	274
4517	298
4518	334
4519	227
4520	196
4521	228
4522	673
4523	216
4524	202
4525	193
4526	193
4527	2907
4528	1342
4529	206
4530	274
4531	1125
4532	1142
4533	426
4534	245
4535	211
4536	216
4537	221
4538	221
4539	206
4540	199
4541	200
4542	744
4543	269
4544	193
4545	492
4546	3069
4547	1671
4548	192
4549	187
4550	221
4551	225
4552	225
4553	211
4554	1071
4555	370
4556	428
4557	418
4558	355
4559	264
4560	269
4561	261
4562	237
4563	261
4564	268
4565	254
4566	397
4567	231
4568	225
4569	485
4570	2807
4571	197
4572	1211
4573	1448
4574	1560
4575	331
4576	185
4577	309
4578	519
4579	434
4580	405
4581	412
4582	332
4583	218
4584	195
4585	214
4586	207
4587	181
4588	214
4589	221
4590	273
4591	363
4592	354
4593	413
4594	381
4595	377
4596	3219
4597	395
4598	396
4599	395
4600	426
4601	720
4602	1061
4603	1187
4604	548
4605	496
4606	349
4607	291
4608	226
4609	223
4610	274
4611	222
4612	275
4613	240
4614	258
4615	313
4616	324
4617	283
4618	1320
4619	225
4620	1856
4621	579
4622	1931
4623	298
4624	335
4625	960
4626	1130
4627	927
4628	472
4629	464
4630	356
4631	317
4632	286
4633	287
4634	252
4635	241
4636	250
4637	256
4638	254
4639	255
4640	989
4641	1680
4642	3181
4643	3215
4644	1649
4645	688
4646	672
4647	408
4648	274
4649	369
4650	363
4651	451
4652	410
4653	334
4654	257
4655	293
4656	249
4657	259
4658	250
4659	269
4660	217
4661	273
4662	269
4663	242
4664	196
4665	159
4666	152
4667	172
4668	168
4669	156
4670	176
4671	138
4672	194
4673	554
4674	445
4675	858
4676	510
4677	330
4678	299
4679	228
4680	228
4681	218
4682	206
4683	224
4684	226
4685	221
4686	250
4687	549
4688	990
4689	837
4690	441
4691	699
4692	718
4693	423
4694	430
4695	384
4696	374
4697	432
4698	460
4699	581
4700	871
4701	592
4702	378
4703	250
4704	253
4705	258
4706	259
4707	257
4708	242
4709	260
4710	342
4711	309
4712	341
4713	1115
4714	396
4715	412
4716	408
4717	406
4718	372
4719	389
4720	408
4721	379
4722	996
4723	899
4724	351
4725	458
4726	421
4727	225
4728	207
4729	189
4730	202
4731	212
4732	203
4733	192
4734	279
4735	261
4736	732
4737	1029
4738	183
4739	185
4740	157
4741	166
4742	177
4743	200
4744	195
4745	204
4746	958
4747	1142
4748	806
4749	368
4750	331
4751	357
4752	241
4753	191
4754	243
4755	237
4756	203
4757	231
4758	277
4759	715
4760	1259
4761	198
4762	172
4763	168
4764	207
4765	188
4766	226
4767	261
4768	209
4769	280
4770	241
4771	303
4772	800
4773	911
4774	270
4775	280
4776	204
4777	201
4778	211
4779	207
4780	220
4781	234
4782	212
4783	386
4784	235
4785	164
4786	2529
4787	680
4788	332
4789	205
4790	168
4791	1527
4792	1032
4793	475
4794	236
4795	294
4796	358
4797	463
4798	359
4799	257
4800	249
4801	261
4802	264
4803	266
4804	261
4805	264
4806	263
4807	563
4808	2383
4809	763
4810	685
4811	408
4812	1074
4813	1174
4814	2309
4815	627
4816	783
4817	746
4818	1043
4819	1331
4820	667
4821	603
4822	449
4823	272
4824	264
4825	250
4826	248
4827	249
4828	254
4829	265
4830	406
4831	501
4832	753
4833	489
4834	1100
4835	1113
4836	367
4837	338
4838	339
4839	337
4840	615
4841	583
4842	782
4843	653
4844	415
4845	848
4846	680
4847	481
4848	248
4849	215
4850	201
4851	199
4852	214
4853	221
4854	210
4855	391
4856	1726
4857	792
4858	2938
4859	1518
4860	1045
4861	387
4862	367
4863	359
4864	368
4865	397
4866	406
4867	570
4868	525
4869	522
4870	357
4871	220
4872	218
4873	225
4874	224
4875	223
4876	223
4877	226
4878	209
4879	245
4880	182
4881	158
4882	284
4883	538
4884	362
4885	360
4886	355
4887	692
4888	368
4889	1130
4890	662
4891	1085
4892	538
4893	642
4894	433
4895	374
4896	322
4897	287
4898	293
4899	292
4900	294
4901	307
4902	303
4903	367
4904	406
4905	1899
4906	162
4907	156
4908	467
4909	676
4910	685
4911	193
4912	195
4913	195
4914	222
4915	235
4916	234
4917	207
4918	192
4919	194
4920	192
4921	192
4922	193
4923	199
4924	196
4925	207
4926	191
4927	192
4928	207
4929	196
4930	176
4931	166
4932	184
4933	165
4934	354
4935	351
4936	354
4937	384
4938	1203
4939	1414
4940	737
4941	720
4942	651
4943	633
4944	194
4945	195
4946	227
4947	218
4948	195
4949	204
4950	197
4951	272
4952	1358
4953	565
4954	353
4955	366
4956	327
4957	348
4958	352
4959	378
4960	372
4961	391
4962	401
4963	419
4964	378
4965	370
4966	241
4967	191
4968	194
4969	193
4970	195
4971	183
4972	179
4973	194
4974	333
4975	401
4976	392
4977	392
4978	388
4979	375
4980	363
4981	357
4982	981
4983	386
4984	366
4985	372
4986	394
4987	400
4988	385
4989	367
4990	239
4991	196
4992	193
4993	192
4994	187
4995	177
4996	181
4997	201
4998	189
4999	195
5000	289
5001	344
5002	332
5003	333
5004	329
5005	357
5006	340
5007	377
5008	377
5009	393
5010	416
5011	412
5012	369
5013	365
5014	247
5015	197
5016	194
5017	192
5018	178
5019	176
5020	189
5021	201
5022	314
5023	377
5024	362
5025	347
5026	1801
5027	408
5028	341
5029	348
5030	357
5031	365
5032	373
5033	389
5034	400
5035	392
5036	370
5037	370
5038	253
5039	196
5040	197
5041	178
5042	177
5043	190
5044	192
5045	201
5046	177
5047	236
5048	339
5049	342
5050	329
5051	343
5052	333
5053	325
5054	321
5055	338
5056	355
5057	372
5058	372
5059	374
5060	388
5061	379
5062	252
5063	195
5064	181
5065	176
5066	188
5067	193
5068	194
5069	199
5070	176
5071	169
5072	170
5073	158
5074	149
5075	135
5076	1532
5077	143
5078	242
5079	346
5080	354
5081	360
5082	371
5083	382
5084	392
5085	380
5086	251
5087	183
5088	178
5089	183
5090	192
5091	192
5092	191
5093	186
5094	177
5095	188
5096	169
5097	315
5098	323
5099	307
5100	311
5101	327
5102	331
5103	340
5104	334
5105	354
5106	373
5107	386
5108	387
5109	380
5110	239
5111	177
5112	191
5113	191
5114	194
5115	193
5116	177
5117	187
5118	192
5119	196
5120	352
5121	342
5122	333
5123	320
5124	934
5125	333
5126	343
5127	345
5128	343
5129	364
5130	395
5131	424
5132	403
5133	382
5134	239
5135	177
5136	192
5137	193
5138	196
5139	195
5140	178
5141	186
5142	314
5143	386
5144	372
5145	357
5146	338
5147	342
5148	349
5149	329
5150	382
5151	377
5152	391
5153	393
5154	386
5155	379
5156	374
5157	374
5158	236
5159	181
5160	194
5161	190
5162	196
5163	186
5164	175
5165	191
5166	191
5167	189
5168	212
5169	223
5170	223
5171	1679
5172	230
5173	216
5174	337
5175	357
5176	364
5177	392
5178	400
5179	401
5180	391
5181	343
5182	177
5183	190
5184	194
5185	193
5186	184
5187	181
5188	185
5189	202
5190	198
5191	210
5192	195
5193	200
5194	203
5195	211
5196	191
5197	188
5198	183
5199	202
5200	208
5201	225
5202	241
5203	209
5204	184
5205	198
5206	191
5207	192
5208	187
5209	176
5210	181
5211	194
5212	192
5213	202
5214	174
5215	181
5216	1634
5217	166
5218	156
5219	176
5220	148
5221	154
5222	163
5223	169
5224	202
5225	189
5226	194
5227	206
5228	207
5229	203
5230	207
5231	181
5232	179
5233	190
5234	192
5235	195
5236	196
5237	189
5238	170
5239	188
5240	250
5241	347
5242	338
5243	320
5244	322
5245	330
5246	351
5247	356
5248	362
5249	360
5250	363
5251	381
5252	380
5253	384
5254	254
5255	178
5256	177
5257	189
5258	194
5259	193
5260	188
5261	186
5262	171
5263	341
5264	1470
5265	563
5266	323
5267	317
5268	317
5269	335
5270	337
5271	347
5272	360
5273	363
5274	368
5275	396
5276	381
5277	387
5278	246
5279	178
5280	183
5281	194
5282	195
5283	194
5284	181
5285	197
5286	306
5287	385
5288	361
5289	349
5290	334
5291	325
5292	326
5293	349
5294	341
5295	344
5296	358
5297	371
5298	387
5299	452
5300	1348
5301	764
5302	1045
5303	634
5304	183
5305	183
5306	192
5307	194
5308	193
5309	205
5310	305
5311	831
5312	1350
5313	2158
5314	4460
5315	1788
5316	1202
5317	1895
5318	1984
5319	1387
5320	940
5321	736
5322	1552
5323	1393
5324	691
5325	662
5326	476
5327	287
5328	204
5329	200
5330	199
5331	196
5332	201
5333	203
5334	351
5335	390
5336	888
5337	635
5338	383
5339	1418
5340	1117
5341	783
5342	1012
5343	1109
5344	432
5345	416
5346	448
5347	486
5348	536
5349	506
5350	263
5351	181
5352	177
5353	172
5354	161
5355	157
5356	155
5357	169
5358	340
5359	1024
5360	1565
5361	1845
5362	4384
5363	847
5364	2036
5365	864
5366	455
5367	495
5368	454
5369	473
5370	495
5371	702
5372	642
5373	615
5374	410
5375	193
5376	189
5377	183
5378	180
5379	180
5380	175
5381	182
5382	202
5383	350
5384	1018
5385	802
5386	2389
5387	305
5388	308
5389	322
5390	306
5391	343
5392	334
5393	347
5394	430
5395	479
5396	581
5397	609
5398	434
5399	277
5400	247
5401	244
5402	244
5403	233
5404	234
5405	236
5406	351
5407	358
5408	381
5409	355
5410	329
5411	305
5412	325
5413	332
5414	1588
5415	346
5416	355
5417	391
5418	418
5419	484
5420	564
5421	570
5422	400
5423	234
5424	230
5425	231
5426	219
5427	206
5428	201
5429	197
5430	334
5431	429
5432	1427
5433	2317
5434	2004
5435	366
5436	367
5437	358
5438	381
5439	410
5440	395
5441	726
5442	547
5443	700
5444	790
5445	578
5446	358
5447	217
5448	197
5449	170
5450	208
5451	182
5452	178
5453	202
5454	296
5455	434
5456	764
5457	862
5458	1737
5459	1151
5460	796
5461	1416
5462	452
5463	1846
5464	944
5465	720
5466	921
5467	589
5468	581
5469	536
5470	427
5471	314
5472	199
5473	176
5474	196
5475	199
5476	169
5477	177
5478	334
5479	375
5480	1528
5481	1470
5482	2765
5483	482
5484	424
5485	424
5486	418
5487	384
5488	427
5489	500
5490	871
5491	629
5492	597
5493	701
5494	449
5495	338
5496	215
5497	216
5498	200
5499	207
5500	212
5501	162
5502	227
5503	229
5504	324
5505	375
5506	312
5507	822
5508	394
5509	317
5510	856
5511	848
5512	398
5513	524
5514	815
5515	607
5516	623
5517	543
5518	366
5519	326
5520	288
5521	246
5522	280
5523	282
5524	240
5525	277
5526	388
5527	387
5528	735
5529	2405
5530	346
5531	739
5532	1317
5533	797
5534	1139
5535	924
5536	424
5537	490
5538	1106
5539	709
5540	518
5541	584
5542	543
5543	409
5544	218
5545	215
5546	206
5547	203
5548	204
5549	194
5550	213
5551	184
5552	1318
5553	1406
5554	580
5555	342
5556	365
5557	361
5558	401
5559	941
5560	471
5561	485
5562	426
5563	531
5564	563
5565	638
5566	452
5567	222
5568	197
5569	210
5570	191
5571	204
5572	205
5573	201
5574	219
5575	292
5576	1341
5577	2441
5578	1817
5579	506
5580	466
5581	795
5582	1034
5583	877
5584	378
5585	373
5586	399
5587	392
5588	384
5589	532
5590	333
5591	200
5592	204
5593	204
5594	203
5595	204
5596	198
5597	191
5598	308
5599	401
5600	2113
5601	486
5602	1040
5603	558
5604	669
5605	353
5606	353
5607	355
5608	370
5609	560
5610	559
5611	681
5612	1092
5613	865
5614	409
5615	297
5616	295
5617	311
5618	319
5619	305
5620	309
5621	310
5622	538
5623	1046
5624	1163
5625	776
5626	2349
5627	502
5628	501
5629	509
5630	911
5631	537
5632	509
5633	506
5634	1013
5635	672
5636	669
5637	595
5638	373
5639	284
5640	280
5641	277
5642	277
5643	270
5644	265
5645	269
5646	278
5647	328
5648	607
5649	1329
5650	3554
5651	761
5652	288
5653	317
5654	311
5655	352
5656	326
5657	444
5658	541
5659	638
5660	678
5661	505
5662	469
5663	374
5664	295
5665	215
5666	227
5667	229
5668	231
5669	224
5670	226
5671	285
5672	2800
5673	412
5674	173
5675	173
5676	198
5677	204
5678	298
5679	319
5680	312
5681	218
5682	274
5683	439
5684	559
5685	506
5686	364
5687	202
5688	193
5689	190
5690	189
5691	202
5692	200
5693	198
5694	231
5695	328
5696	961
5697	684
5698	251
5699	242
5700	887
5701	271
5702	286
5703	317
5704	594
5705	1341
5706	947
5707	354
5708	644
5709	572
5710	465
5711	297
5712	293
5713	288
5714	294
5715	301
5716	285
5717	281
5718	424
5719	480
5720	2316
5721	737
5722	461
5723	954
5724	975
5725	1063
5726	924
5727	542
5728	490
5729	504
5730	490
5731	666
5732	832
5733	738
5734	511
5735	214
5736	186
5737	196
5738	210
5739	207
5740	183
5741	201
5742	318
5743	207
5744	209
5745	1911
5746	227
5747	762
5748	1112
5749	410
5750	408
5751	369
5752	613
5753	883
5754	1770
5755	1331
5756	819
5757	344
5758	320
5759	292
5760	289
5761	310
5762	288
5763	295
5764	311
5765	271
5766	323
5767	327
5768	404
5769	1021
5770	4370
5771	3695
5772	588
5773	1851
5774	264
5775	253
5776	288
5777	259
5778	531
5779	307
5780	487
5781	522
5782	405
5783	192
5784	209
5785	208
5786	198
5787	204
5788	210
5789	195
5790	279
5791	661
5792	1572
5793	1682
5794	2416
5795	696
5796	405
5797	389
5798	854
5799	603
5800	764
5801	731
5802	428
5803	398
5804	409
5805	469
5806	1120
5807	203
5808	194
5809	228
5810	192
5811	179
5812	200
5813	205
5814	211
5815	212
5816	514
5817	386
5818	1865
5819	585
5820	1050
5821	557
5822	724
5823	646
5824	572
5825	532
5826	600
5827	708
5828	733
5829	487
5830	529
5831	323
5832	266
5833	259
5834	252
5835	229
5836	213
5837	231
5838	566
5839	258
5840	173
5841	312
5842	2845
5843	174
5844	129
5845	204
5846	145
5847	175
5848	294
5849	794
5850	1635
5851	1093
5852	375
5853	435
5854	330
5855	200
5856	227
5857	153
5858	219
5859	156
5860	216
5861	251
5862	502
5863	230
5864	155
5865	675
5866	3018
5867	1952
5868	1633
5869	417
5870	190
5871	162
5872	674
5873	350
5874	202
5875	947
5876	612
5877	325
5878	244
5879	173
5880	200
5881	190
5882	171
5883	215
5884	165
5885	208
5886	516
5887	237
5888	168
5889	736
5890	2739
5891	1641
5892	574
5893	779
5894	139
5895	184
5896	208
5897	219
5898	348
5899	437
5900	514
5901	496
5902	382
5903	192
5904	206
5905	197
5906	173
5907	194
5908	208
5909	177
5910	354
5911	194
5912	1735
5913	1172
5914	2480
5915	281
5916	195
5917	400
5918	1702
5919	812
5920	1646
5921	287
5922	367
5923	897
5924	449
5925	332
5926	299
5927	202
5928	189
5929	208
5930	168
5931	216
5932	172
5933	198
5934	374
5935	332
5936	298
5937	310
5938	417
5939	292
5940	1451
5941	1449
5942	228
5943	226
5944	311
5945	386
5946	1141
5947	716
5948	611
5949	601
5950	331
5951	244
5952	198
5953	226
5954	216
5955	208
5956	235
5957	199
5958	382
5959	484
5960	917
5961	554
5962	442
5963	854
5964	411
5965	762
5966	415
5967	406
5968	412
5969	343
5970	304
5971	369
5972	642
5973	487
5974	407
5975	254
5976	249
5977	254
5978	252
5979	252
5980	224
5981	195
5982	309
5983	278
5984	1955
5985	2330
5986	2648
5987	2625
5988	3655
5989	1838
5990	1204
5991	632
5992	860
5993	316
5994	285
5995	417
5996	456
5997	417
5998	277
5999	188
6000	199
6001	163
6002	205
6003	158
6004	210
6005	158
6006	567
6007	279
6008	1212
6009	299
6010	2287
6011	2333
6012	274
6013	138
6014	166
6015	523
6016	1723
6017	729
6018	205
6019	344
6020	424
6021	358
6022	296
6023	173
6024	173
6025	172
6026	211
6027	164
6028	171
6029	189
6030	378
6031	221
6032	154
6033	938
6034	1170
6035	120
6036	149
6037	150
6038	126
6039	175
6040	167
6041	198
6042	312
6043	617
6044	371
6045	380
6046	239
6047	219
6048	159
6049	210
6050	161
6051	207
6052	181
6053	183
6054	314
6055	240
6056	191
6057	322
6058	150
6059	166
6060	107
6061	161
6062	849
6063	1143
6064	1199
6065	921
6066	926
6067	383
6068	551
6069	409
6070	329
6071	178
6072	243
6073	176
6074	213
6075	193
6076	198
6077	220
6078	373
6079	276
6080	193
6081	1624
6082	157
6083	1506
6084	173
6085	135
6086	533
6087	182
6088	1407
6089	196
6090	234
6091	242
6092	393
6093	328
6094	215
6095	245
6096	211
6097	217
6098	231
6099	205
6100	241
6101	210
6102	431
6103	371
6104	996
6105	1397
6106	2358
6107	1000
6108	187
6109	256
6110	227
6111	285
6112	1795
6113	322
6114	357
6115	1172
6116	622
6117	463
6118	335
6119	225
6120	205
6121	193
6122	193
6123	212
6124	193
6125	175
6126	223
6127	186
6128	748
6129	1525
6130	2542
6131	177
6132	1996
6133	197
6134	204
6135	187
6136	211
6137	395
6138	664
6139	405
6140	480
6141	467
6142	443
6143	302
6144	311
6145	297
6146	281
6147	291
6148	304
6149	295
6150	296
6151	315
6152	352
6153	370
6154	3814
6155	448
6156	1366
6157	993
6158	496
6159	251
6160	285
6161	289
6162	332
6163	442
6164	700
6165	422
6166	396
6167	267
6168	256
6169	258
6170	257
6171	255
6172	192
6173	218
6174	421
6175	317
6176	228
6177	223
6178	153
6179	135
6180	823
6181	415
6182	390
6183	388
6184	393
6185	432
6186	571
6187	594
6188	778
6189	623
6190	523
6191	242
6192	217
6193	217
6194	251
6195	189
6196	240
6197	199
6198	436
6199	272
6200	215
6201	1707
6202	366
6203	359
6204	322
6205	364
6206	341
6207	378
6208	389
6209	380
6210	439
6211	623
6212	794
6213	756
6214	497
6215	242
6216	217
6217	206
6218	206
6219	207
6220	209
6221	265
6222	842
6223	239
6224	204
6225	1719
6226	354
6227	352
6228	354
6229	347
6230	368
6231	363
6232	408
6233	447
6234	486
6235	1351
6236	681
6237	526
6238	347
6239	223
6240	214
6241	209
6242	211
6243	207
6244	206
6245	205
6246	455
6247	325
6248	206
6249	244
6250	2207
6251	194
6252	1037
6253	707
6254	173
6255	178
6256	190
6257	218
6258	323
6259	483
6260	481
6261	455
6262	381
6263	313
6264	312
6265	307
6266	313
6267	310
6268	307
6269	312
6270	441
6271	221
6272	927
6273	857
6274	2278
6275	2314
6276	1917
6277	2088
6278	674
6279	552
6280	295
6281	1366
6282	900
6283	617
6284	207
6285	206
6286	210
6287	206
6288	200
6289	197
6290	205
6291	203
6292	200
6293	202
6294	207
6295	212
6296	185
6297	1193
6298	2399
6299	2578
6300	1027
6301	164
6302	165
6303	174
6304	205
6305	210
6306	216
6307	223
6308	205
6309	207
6310	208
6311	207
6312	205
6313	205
6314	208
6315	206
6316	208
6317	211
6318	212
6319	212
6320	205
6321	1498
6322	2364
6323	2011
6324	282
6325	326
6326	338
6327	186
6328	211
6329	228
6330	1185
6331	930
6332	1113
6333	907
6334	391
6335	282
6336	226
6337	221
6338	220
6339	220
6340	213
6341	213
6342	425
6343	248
6344	187
6345	1710
6346	1097
6347	1171
6348	191
6349	180
6350	180
6351	197
6352	580
6353	584
6354	1062
6355	1013
6356	373
6357	362
6358	213
6359	222
6360	222
6361	205
6362	203
6363	218
6364	222
6365	224
6366	359
6367	272
6368	191
6369	1712
6370	656
6371	179
6372	394
6373	191
6374	180
6375	182
6376	201
6377	227
6378	238
6379	239
6380	350
6381	357
6382	318
6383	217
6384	221
6385	215
6386	209
6387	210
6388	199
6389	222
6390	468
6391	384
6392	346
6393	350
6394	3207
6395	456
6396	294
6397	1393
6398	948
6399	1207
6400	630
6401	390
6402	419
6403	690
6404	776
6405	529
6406	446
6407	334
6408	335
6409	334
6410	327
6411	327
6412	325
6413	333
6414	541
6415	237
6416	515
6417	1387
6418	193
6419	173
6420	194
6421	176
6422	205
6423	707
6424	202
6425	335
6426	283
6427	489
6428	430
6429	350
6430	272
6431	230
6432	218
6433	228
6434	230
6435	229
6436	227
6437	225
6438	456
6439	256
6440	191
6441	222
6442	2591
6443	248
6444	938
6445	679
6446	247
6447	189
6448	206
6449	236
6450	931
6451	598
6452	472
6453	405
6454	354
6455	216
6456	249
6457	215
6458	202
6459	203
6460	202
6461	202
6462	230
6463	414
6464	423
6465	1112
6466	3184
6467	356
6468	345
6469	353
6470	325
6471	930
6472	324
6473	308
6474	430
6475	743
6476	542
6477	420
6478	400
6479	200
6480	204
6481	199
6482	187
6483	176
6484	196
6485	198
6486	215
6487	246
6488	241
6489	2268
6490	3420
6491	2120
6492	2330
6493	844
6494	340
6495	326
6496	860
6497	1688
6498	1076
6499	614
6500	634
6501	472
6502	448
6503	279
6504	201
6505	199
6506	189
6507	193
6508	192
6509	192
6510	393
6511	314
6512	167
6513	1592
6514	1328
6515	160
6516	179
6517	174
6518	178
6519	184
6520	219
6521	217
6522	313
6523	474
6524	359
6525	369
6526	244
6527	189
6528	184
6529	185
6530	180
6531	182
6532	179
6533	182
6534	797
6535	1040
6536	396
6537	578
6538	2453
6539	260
6540	631
6541	163
6542	167
6543	204
6544	223
6545	198
6546	282
6547	402
6548	514
6549	455
6550	388
6551	303
6552	300
6553	299
6554	290
6555	276
6556	269
6557	282
6558	540
6559	407
6560	307
6561	816
6562	3348
6563	2089
6564	1141
6565	999
6566	634
6567	418
6568	462
6569	400
6570	362
6571	667
6572	623
6573	536
6574	366
6575	222
6576	212
6577	215
6578	214
6579	215
6580	215
6581	217
6582	346
6583	314
6584	309
6585	1698
6586	1629
6587	2020
6588	973
6589	747
6590	426
6591	302
6592	344
6593	350
6594	1247
6595	806
6596	680
6597	535
6598	415
6599	401
6600	351
6601	304
6602	295
6603	275
6604	263
6605	268
6606	415
6607	410
6608	214
6609	945
6610	1526
6611	960
6612	218
6613	196
6614	198
6615	195
6616	228
6617	298
6618	301
6619	383
6620	371
6621	342
6622	244
6623	217
6624	209
6625	209
6626	207
6627	208
6628	206
6629	224
6630	349
6631	869
6632	996
6633	1635
6634	474
6635	882
6636	1669
6637	404
6638	1393
6639	880
6640	431
6641	564
6642	639
6643	1242
6644	639
6645	489
6646	478
6647	351
6648	204
6649	182
6650	207
6651	206
6652	172
6653	207
6654	210
6655	181
6656	896
6657	2035
6658	952
6659	536
6660	315
6661	1012
6662	275
6663	1602
6664	2112
6665	932
6666	422
6667	1082
6668	487
6669	510
6670	464
6671	413
6672	365
6673	376
6674	358
6675	344
6676	377
6677	326
6678	628
6679	397
6680	256
6681	267
6682	2921
6683	1287
6684	944
6685	1572
6686	1268
6687	877
6688	819
6689	765
6690	251
6691	536
6692	450
6693	264
6694	250
6695	247
6696	250
6697	250
6698	252
6699	243
6700	237
6701	237
6702	425
6703	305
6704	252
6705	562
6706	3892
6707	1972
6708	1224
6709	325
6710	205
6711	834
6712	305
6713	870
6714	1248
6715	697
6716	583
6717	476
6718	371
6719	271
6720	264
6721	261
6722	251
6723	245
6724	245
6725	265
6726	492
6727	292
6728	248
6729	1690
6730	1134
6731	1278
6732	501
6733	546
6734	287
6735	1306
6736	930
6737	349
6738	344
6739	568
6740	458
6741	413
6742	341
6743	259
6744	259
6745	251
6746	242
6747	245
6748	259
6749	251
6750	400
6751	297
6752	244
6753	1729
6754	2003
6755	1051
6756	258
6757	245
6758	259
6759	283
6760	285
6761	280
6762	442
6763	505
6764	416
6765	470
6766	368
6767	260
6768	257
6769	247
6770	246
6771	250
6772	257
6773	281
6774	461
6775	429
6776	383
6777	403
6778	3269
6779	836
6780	1599
6781	672
6782	1083
6783	436
6784	440
6785	429
6786	1525
6787	700
6788	544
6789	482
6790	463
6791	337
6792	352
6793	351
6794	353
6795	346
6796	330
6797	336
6798	362
6799	444
6800	413
6801	1388
6802	949
6803	2125
6804	3120
6805	3665
6806	1097
6807	1662
6808	1378
6809	1503
6810	868
6811	416
6812	528
6813	999
6814	413
6815	249
6816	242
6817	234
6818	234
6819	233
6820	233
6821	234
6822	239
6823	344
6824	717
6825	2838
6826	3990
6827	1960
6828	1809
6829	1232
6830	370
6831	987
6832	368
6833	560
6834	481
6835	618
6836	588
6837	433
6838	266
6839	245
6840	231
6841	220
6842	246
6843	244
6844	224
6845	220
6846	474
6847	314
6848	239
6849	815
6850	3266
6851	1757
6852	2332
6853	2113
6854	542
6855	253
6856	764
6857	369
6858	379
6859	566
6860	496
6861	385
6862	256
6863	220
6864	226
6865	243
6866	243
6867	255
6868	254
6869	242
6870	360
6871	365
6872	286
6873	702
6874	2358
6875	1963
6876	1768
6877	708
6878	263
6879	285
6880	723
6881	252
6882	478
6883	1065
6884	353
6885	367
6886	268
6887	204
6888	245
6889	227
6890	215
6891	245
6892	219
6893	218
6894	507
6895	462
6896	408
6897	1505
6898	3486
6899	2858
6900	2922
6901	1443
6902	261
6903	234
6904	256
6905	1158
6906	1567
6907	837
6908	403
6909	391
6910	310
6911	254
6912	255
6913	217
6914	275
6915	222
6916	234
6917	269
6918	1027
6919	306
6920	227
6921	819
6922	3329
6923	2235
6924	3045
6925	858
6926	1703
6927	1468
6928	520
6929	281
6930	1088
6931	1039
6932	376
6933	423
6934	416
6935	385
6936	379
6937	392
6938	414
6939	421
6940	415
6941	369
6942	507
6943	310
6944	202
6945	1579
6946	3067
6947	1926
6948	861
6949	811
6950	216
6951	681
6952	247
6953	240
6954	937
6955	749
6956	425
6957	377
6958	336
6959	231
6960	213
6961	210
6962	210
6963	208
6964	207
6965	214
6966	267
6967	470
6968	665
6969	1191
6970	2941
6971	2470
6972	1353
6973	2884
6974	1661
6975	589
6976	1004
6977	972
6978	978
6979	871
6980	421
6981	417
6982	386
6983	229
6984	213
6985	217
6986	212
6987	209
6988	208
6989	210
6990	217
6991	896
6992	748
6993	839
6994	3638
6995	2295
6996	1787
6997	751
6998	265
6999	742
7000	777
7001	269
7002	253
7003	255
7004	235
7005	229
7006	233
7007	236
7008	237
7009	239
7010	240
7011	241
7012	236
7013	233
7014	236
7015	247
7016	229
7017	982
7018	2447
7019	1722
7020	4141
7021	501
7022	1341
7023	1790
7024	1983
7025	1881
7026	2156
7027	709
7028	555
7029	336
7030	231
7031	236
7032	215
7033	213
7034	236
7035	215
7036	249
7037	284
7038	457
7039	1950
7040	1893
7041	3159
7042	4279
7043	3335
7044	2171
7045	2431
7046	700
7047	859
7048	741
7049	619
7050	547
7051	672
7052	636
7053	477
7054	232
7055	244
7056	219
7057	216
7058	247
7059	215
7060	206
7061	242
7062	594
7063	725
7064	1112
7065	1013
7066	2223
7067	615
7068	3152
7069	1292
7070	1965
7071	647
7072	428
7073	372
7074	720
7075	567
7076	413
7077	442
7078	342
7079	239
7080	226
7081	212
7082	224
7083	239
7084	226
7085	216
7086	984
7087	427
7088	426
7089	1358
7090	2355
7091	291
7092	4187
7093	1313
7094	882
7095	1924
7096	706
7097	885
7098	1288
7099	659
7100	683
7101	614
7102	326
7103	231
7104	223
7105	238
7106	223
7107	224
7108	224
7109	231
7110	829
7111	560
7112	1289
7113	1476
7114	6290
7115	1773
7116	2903
7117	465
7118	383
7119	460
7120	495
7121	1227
7122	1158
7123	525
7124	1239
7125	457
7126	335
7127	231
7128	237
7129	224
7130	239
7131	224
7132	221
7133	257
7134	347
7135	763
7136	1103
7137	793
7138	3252
7139	1134
7140	3435
7141	1235
7142	2412
7143	1845
7144	566
7145	380
7146	627
7147	851
7148	829
7149	1110
7150	915
7151	272
7152	234
7153	233
7154	232
7155	225
7156	235
7157	220
7158	333
7159	918
7160	365
7161	2117
7162	2915
7163	1695
7164	173
7165	208
7166	828
7167	314
7168	733
7169	230
7170	185
7171	215
7172	201
7173	185
7174	218
7175	186
7176	197
7177	222
7178	173
7179	211
7180	203
7181	179
7182	215
7183	195
7184	198
7185	709
7186	1245
7187	896
7188	939
7189	532
7190	359
7191	237
7192	202
7193	238
7194	196
7195	204
7196	209
7197	174
7198	214
7199	197
7200	188
7201	213
7202	179
7203	203
7204	208
7205	177
7206	221
7207	209
7208	211
7209	1638
7210	2259
7211	1806
7212	970
7213	191
7214	240
7215	678
7216	214
7217	230
7218	186
7219	203
7220	206
7221	178
7222	215
7223	191
7224	200
7225	216
7226	178
7227	216
7228	208
7229	188
7230	226
7231	204
7232	223
7233	996
7234	2124
7235	1225
7236	1368
7237	708
7238	647
7239	236
7240	590
7241	238
7242	185
7243	209
7244	208
7245	178
7246	218
7247	198
7248	184
7249	211
7250	187
7251	197
7252	219
7253	177
7254	215
7255	225
7256	187
7257	1101
7258	2961
7259	1457
7260	1093
7261	849
7262	237
7263	250
7264	200
7265	229
7266	204
7267	186
7268	211
7269	183
7270	207
7271	210
7272	180
7273	217
7274	193
7275	198
7276	220
7277	175
7278	222
7279	222
7280	193
7281	906
7282	2181
7283	2329
7284	585
7285	414
7286	724
7287	656
7288	223
7289	725
7290	517
7291	383
7292	476
7293	425
7294	356
7295	272
7296	254
7297	241
7298	249
7299	251
7300	249
7301	236
7302	283
7303	341
7304	270
7305	1006
7306	4155
7307	2741
7308	2023
7309	2531
7310	465
7311	2193
7312	1856
7313	1603
7314	1319
7315	523
7316	667
7317	413
7318	366
7319	300
7320	286
7321	288
7322	270
7323	272
7324	292
7325	287
7326	288
7327	585
7328	1043
7329	1746
7330	4231
7331	1794
7332	3645
7333	378
7334	364
7335	341
7336	477
7337	428
7338	631
7339	565
7340	513
7341	452
7342	366
7343	231
7344	186
7345	212
7346	211
7347	177
7348	215
7349	208
7350	457
7351	329
7352	298
7353	356
7354	2646
7355	449
7356	402
7357	718
7358	337
7359	344
7360	331
7361	462
7362	378
7363	551
7364	1119
7365	474
7366	261
7367	232
7368	204
7369	200
7370	220
7371	214
7372	196
7373	186
7374	384
7375	1017
7376	605
7377	545
7378	2034
7379	589
7380	1596
7381	2219
7382	778
7383	1532
7384	1494
7385	863
7386	403
7387	637
7388	543
7389	458
7390	307
7391	198
7392	184
7393	210
7394	199
7395	176
7396	210
7397	221
7398	502
7399	333
7400	320
7401	1868
7402	2675
7403	2414
7404	3585
7405	930
7406	765
7407	1555
7408	1412
7409	419
7410	1486
7411	697
7412	616
7413	479
7414	373
7415	247
7416	285
7417	263
7418	276
7419	292
7420	258
7421	303
7422	475
7423	376
7424	329
7425	1614
7426	2992
7427	2154
7428	753
7429	3078
7430	947
7431	1478
7432	1293
7433	425
7434	1164
7435	629
7436	480
7437	424
7438	312
7439	263
7440	218
7441	196
7442	218
7443	178
7444	212
7445	232
7446	364
7447	239
7448	207
7449	1496
7450	2318
7451	659
7452	938
7453	708
7454	1523
7455	211
7456	222
7457	321
7458	482
7459	518
7460	483
7461	318
7462	352
7463	245
7464	227
7465	218
7466	235
7467	241
7468	220
7469	225
7470	301
7471	417
7472	760
7473	2214
7474	2204
7475	2395
7476	4367
7477	1979
7478	2552
7479	2590
7480	1769
7481	1419
7482	1414
7483	1229
7484	541
7485	508
7486	447
7487	346
7488	369
7489	380
7490	360
7491	362
7492	384
7493	370
7494	413
7495	469
7496	456
7497	2424
7498	2721
7499	1874
7500	4616
7501	423
7502	2109
7503	1601
7504	1330
7505	1073
7506	750
7507	697
7508	562
7509	532
7510	485
7511	303
7512	314
7513	278
7514	314
7515	267
7516	318
7517	289
7518	479
7519	337
7520	331
7521	1651
7522	3040
7523	2124
7524	1523
7525	423
7526	348
7527	318
7528	312
7529	521
7530	485
7531	428
7532	417
7533	416
7534	234
7535	221
7536	224
7537	183
7538	215
7539	195
7540	195
7541	232
7542	327
7543	660
7544	223
7545	1550
7546	3740
7547	2094
7548	2641
7549	1226
7550	276
7551	1151
7552	1265
7553	2358
7554	1953
7555	1347
7556	416
7557	436
7558	352
7559	258
7560	321
7561	270
7562	275
7563	326
7564	261
7565	304
7566	501
7567	386
7568	277
7569	1776
7570	2842
7571	925
7572	1400
7573	984
7574	1445
7575	2366
7576	1827
7577	2142
7578	1162
7579	579
7580	464
7581	850
7582	302
7583	314
7584	248
7585	261
7586	320
7587	254
7588	252
7589	322
7590	475
7591	402
7592	283
7593	371
7594	3186
7595	1887
7596	1243
7597	2095
7598	1094
7599	2434
7600	520
7601	1059
7602	1070
7603	569
7604	432
7605	358
7606	389
7607	321
7608	241
7609	289
7610	280
7611	253
7612	299
7613	295
7614	489
7615	324
7616	163
7617	1216
7618	1693
7619	1398
7620	3277
7621	601
7622	227
7623	196
7624	244
7625	336
7626	360
7627	1161
7628	351
7629	322
7630	302
7631	220
7632	217
7633	191
7634	188
7635	210
7636	175
7637	205
7638	274
7639	252
7640	644
7641	964
7642	2368
7643	2630
7644	2915
7645	1090
7646	2489
7647	430
7648	372
7649	534
7650	1011
7651	561
7652	504
7653	384
7654	286
7655	271
7656	283
7657	269
7658	284
7659	262
7660	271
7661	288
7662	288
7663	540
7664	444
7665	517
7666	4172
7667	2588
7668	3837
7669	611
7670	2156
7671	325
7672	696
7673	1482
7674	1321
7675	648
7676	488
7677	427
7678	342
7679	198
7680	188
7681	226
7682	169
7683	225
7684	188
7685	187
7686	432
7687	360
7688	243
7689	1239
7690	2987
7691	2281
7692	1590
7693	1057
7694	1789
7695	373
7696	382
7697	525
7698	486
7699	734
7700	506
7701	392
7702	296
7703	180
7704	238
7705	173
7706	228
7707	171
7708	227
7709	175
7710	386
7711	335
7712	205
7713	488
7714	3401
7715	1853
7716	1036
7717	863
7718	338
7719	288
7720	217
7721	206
7722	221
7723	293
7724	353
7725	183
7726	241
7727	174
7728	235
7729	187
7730	218
7731	206
7732	208
7733	222
7734	260
7735	675
7736	572
7737	1379
7738	3375
7739	264
7740	2331
7741	2212
7742	2261
7743	2321
7744	1289
7745	1188
7746	573
7747	533
7748	580
7749	451
7750	298
7751	173
7752	242
7753	213
7754	173
7755	185
7756	244
7757	218
7758	487
7759	352
7760	262
7761	431
7762	1930
7763	638
7764	2328
7765	1557
7766	1832
7767	279
7768	375
7769	395
7770	628
7771	663
7772	375
7773	223
7774	241
7775	185
7776	201
7777	233
7778	219
7779	279
7780	225
7781	273
7782	577
7783	392
7784	254
7785	220
7786	3049
7787	2374
7788	1831
7789	1287
7790	1039
7791	1004
7792	424
7793	831
7794	259
7795	526
7796	343
7797	359
7798	340
7799	265
7800	235
7801	231
7802	201
7803	230
7804	223
7805	198
7806	255
7807	291
7808	308
7809	1978
7810	3141
7811	4202
7812	2921
7813	4114
7814	3367
7815	2428
7816	3391
7817	1620
7818	466
7819	417
7820	520
7821	489
7822	392
7823	402
7824	243
7825	274
7826	263
7827	244
7828	273
7829	249
7830	266
7831	298
7832	290
7833	1528
7834	1713
7835	648
7836	3131
7837	1364
7838	1050
7839	953
7840	438
7841	666
7842	994
7843	685
7844	548
7845	436
7846	428
7847	281
7848	337
7849	310
7850	303
7851	331
7852	281
7853	337
7854	564
7855	537
7856	550
7857	973
7858	3097
7859	2373
7860	2827
7861	1471
7862	1015
7863	326
7864	306
7865	474
7866	1437
7867	550
7868	533
7869	451
7870	396
7871	313
7872	274
7873	332
7874	269
7875	312
7876	295
7877	282
7878	411
7879	475
7880	348
7881	1651
7882	2404
7883	2309
7884	4320
7885	2199
7886	2734
7887	2284
7888	2352
7889	2040
7890	2658
7891	713
7892	530
7893	417
7894	464
7895	289
7896	345
7897	279
7898	325
7899	289
7900	320
7901	304
7902	347
7903	581
7904	597
7905	1746
7906	2861
7907	2702
7908	3026
7909	2609
7910	3071
7911	1839
7912	1999
7913	2415
7914	3094
7915	1444
7916	484
7917	425
7918	363
7919	239
7920	233
7921	212
7922	233
7923	239
7924	210
7925	233
7926	260
7927	411
7928	497
7929	1786
7930	2418
7931	2686
7932	3637
7933	1688
7934	2046
7935	2038
7936	2150
7937	832
7938	1214
7939	562
7940	597
7941	506
7942	395
7943	336
7944	304
7945	322
7946	279
7947	346
7948	278
7949	330
7950	373
7951	436
7952	389
7953	1792
7954	3224
7955	2595
7956	2237
7957	365
7958	2449
7959	1151
7960	282
7961	1311
7962	1265
7963	1054
7964	552
7965	369
7966	253
7967	200
7968	221
7969	221
7970	190
7971	243
7972	188
7973	239
7974	296
7975	479
7976	501
7977	1981
7978	3918
7979	1878
7980	2280
7981	2337
7982	1550
7983	349
7984	498
7985	748
7986	717
7987	820
7988	712
7989	507
7990	369
7991	332
7992	343
7993	289
7994	339
7995	281
7996	339
7997	282
7998	434
7999	491
8000	567
8001	1042
8002	3487
8003	2292
8004	3742
8005	535
8006	1065
8007	1976
8008	2334
8009	1164
8010	1642
8011	822
8012	663
8013	470
8014	338
8015	184
8016	249
8017	195
8018	234
8019	206
8020	224
8021	212
8022	382
8023	509
8024	489
8025	1239
8026	3353
8027	2295
8028	2481
8029	1531
8030	1857
8031	2365
8032	1190
8033	1471
8034	2136
8035	543
8036	490
8037	370
8038	300
8039	214
8040	226
8041	223
8042	226
8043	224
8044	217
8045	235
8046	405
8047	600
8048	655
8049	2082
8050	3334
8051	1648
8052	2422
8053	2581
8054	2719
8055	1851
8056	2582
8057	2778
8058	2363
8059	1268
8060	751
8061	486
8062	371
8063	329
8064	296
8065	336
8066	284
8067	327
8068	312
8069	310
8070	557
8071	521
8072	289
8073	977
8074	3024
8075	1277
8076	343
8077	1765
8078	930
8079	647
8080	1175
8081	2020
8082	1738
8083	1687
8084	681
8085	394
8086	325
8087	303
8088	249
8089	297
8090	285
8091	245
8092	305
8093	309
8094	518
8095	566
8096	420
8097	802
8098	3350
8099	2355
8100	1810
8101	2373
8102	2381
8103	2647
8104	1091
8105	652
8106	695
8107	1777
8108	587
8109	418
8110	324
8111	210
8112	240
8113	205
8114	240
8115	202
8116	242
8117	202
8118	1238
8119	501
8120	264
8121	1669
8122	2953
8123	2319
8124	1515
8125	1787
8126	2263
8127	2478
8128	1946
8129	789
8130	1126
8131	1481
8132	577
8133	464
8134	403
8135	305
8136	290
8137	300
8138	286
8139	303
8140	287
8141	294
8142	434
8143	591
8144	1982
8145	2570
8146	3973
8147	2557
8148	4529
8149	905
8150	2648
8151	815
8152	1074
8153	2025
8154	1114
8155	547
8156	583
8157	522
8158	496
8159	341
8160	298
8161	295
8162	290
8163	287
8164	286
8165	288
8166	385
8167	488
8168	410
8169	1705
8170	3119
8171	2197
8172	3624
8173	1131
8174	1500
8175	1318
8176	1088
8177	1205
8178	574
8179	573
8180	626
8181	512
8182	422
8183	329
8184	199
8185	210
8186	215
8187	179
8188	222
8189	203
8190	499
8191	650
8192	362
8193	1038
8194	2939
8195	2355
8196	2026
8197	1947
8198	1498
8199	728
8200	962
8201	516
8202	600
8203	601
8204	718
8205	358
8206	319
8207	320
8208	312
8209	295
8210	321
8211	312
8212	292
8213	336
8214	516
8215	584
8216	325
8217	1217
8218	3706
8219	1591
8220	2346
8221	3075
8222	1381
8223	2378
8224	1891
8225	2182
8226	1747
8227	1189
8228	610
8229	465
8230	411
8231	287
8232	324
8233	313
8234	298
8235	317
8236	290
8237	312
8238	585
8239	591
8240	418
8241	710
8242	3059
8243	2454
8244	1259
8245	783
8246	387
8247	415
8248	440
8249	924
8250	508
8251	686
8252	490
8253	389
8254	275
8255	243
8256	263
8257	227
8258	268
8259	214
8260	268
8261	234
8262	528
8263	516
8264	471
8265	728
8266	885
8267	537
8268	1427
8269	2486
8270	1816
8271	1379
8272	711
8273	2452
8274	1563
8275	991
8276	1150
8277	461
8278	323
8279	290
8280	213
8281	228
8282	230
8283	207
8284	196
8285	225
8286	409
8287	538
8288	396
8289	1732
8290	3182
8291	2544
8292	2289
8293	2462
8294	1032
8295	2060
8296	695
8297	1197
8298	581
8299	690
8300	569
8301	456
8302	390
8303	264
8304	324
8305	271
8306	311
8307	273
8308	307
8309	272
8310	417
8311	449
8312	600
8313	471
8314	3903
8315	2185
8316	2920
8317	1853
8318	332
8319	377
8320	1533
8321	1350
8322	721
8323	1056
8324	587
8325	433
8326	361
8327	330
8328	210
8329	203
8330	206
8331	210
8332	209
8333	202
8334	267
8335	379
8336	556
8337	1427
8338	3724
8339	3948
8340	4033
8341	467
8342	438
8343	518
8344	701
8345	698
8346	740
8347	824
8348	732
8349	444
8350	346
8351	311
8352	286
8353	297
8354	312
8355	294
8356	306
8357	332
8358	414
8359	665
8360	1485
8361	1498
8362	3141
8363	1938
8364	2965
8365	1438
8366	1700
8367	3086
8368	3013
8369	2308
8370	753
8371	783
8372	544
8373	452
8374	385
8375	219
8376	190
8377	229
8378	216
8379	194
8380	230
8381	225
8382	304
8383	568
8384	510
8385	1877
8386	3223
8387	2844
8388	3688
8389	1654
8390	631
8391	303
8392	398
8393	1715
8394	650
8395	768
8396	695
8397	461
8398	317
8399	297
8400	312
8401	273
8402	290
8403	301
8404	282
8405	303
8406	379
8407	609
8408	623
8409	1046
8410	3309
8411	3054
8412	2580
8413	3387
8414	1654
8415	2679
8416	1721
8417	766
8418	1403
8419	1937
8420	679
8421	458
8422	300
8423	293
8424	284
8425	261
8426	284
8427	287
8428	265
8429	273
8430	445
8431	521
8432	435
8433	1446
8434	1671
8435	1656
8436	4326
8437	2569
8438	2434
8439	1002
8440	294
8441	1559
8442	517
8443	573
8444	736
8445	297
8446	201
8447	174
8448	186
8449	201
8450	181
8451	182
8452	219
8453	188
8454	297
8455	783
8456	613
8457	1438
8458	3283
8459	1711
8460	3843
8461	1805
8462	3471
8463	2707
8464	3107
8465	1651
8466	1393
8467	1261
8468	578
8469	449
8470	408
8471	313
8472	301
8473	294
8474	290
8475	277
8476	281
8477	293
8478	415
8479	602
8480	548
8481	1633
8482	1651
8483	2306
8484	3216
8485	4707
8486	3235
8487	650
8488	1199
8489	1870
8490	1523
8491	691
8492	586
8493	450
8494	321
8495	319
8496	266
8497	319
8498	285
8499	312
8500	288
8501	293
8502	357
8503	468
8504	570
8505	1769
8506	3274
8507	3037
8508	1314
8509	2193
8510	761
8511	1246
8512	376
8513	1196
8514	1414
8515	553
8516	625
8517	487
8518	308
8519	273
8520	299
8521	299
8522	270
8523	299
8524	299
8525	273
8526	417
8527	584
8528	492
8529	1606
8530	2255
8531	2609
8532	3213
8533	1200
8534	1853
8535	507
8536	1876
8537	1925
8538	1585
8539	678
8540	553
8541	394
8542	285
8543	212
8544	250
8545	198
8546	259
8547	208
8548	262
8549	218
8550	333
8551	944
8552	652
8553	930
8554	4033
8555	2887
8556	2471
8557	2621
8558	2514
8559	1880
8560	670
8561	1614
8562	759
8563	548
8564	464
8565	405
8566	357
8567	236
8568	226
8569	212
8570	215
8571	230
8572	229
8573	198
8574	339
8575	541
8576	567
8577	1668
8578	3063
8579	1760
8580	3045
8581	1350
8582	1173
8583	983
8584	974
8585	503
8586	1369
8587	675
8588	526
8589	359
8590	268
8591	260
8592	227
8593	214
8594	237
8595	251
8596	243
8597	220
8598	360
8599	588
8600	499
8601	1747
8602	3799
8603	2763
8604	2948
8605	2052
8606	1438
8607	2441
8608	3118
8609	2625
8610	2449
8611	1198
8612	627
8613	425
8614	254
8615	245
8616	245
8617	262
8618	255
8619	254
8620	242
8621	239
8622	347
8623	618
8624	1341
8625	2462
8626	3198
8627	2476
8628	3556
8629	494
8630	360
8631	526
8632	1325
8633	1102
8634	939
8635	654
8636	690
8637	404
8638	336
8639	238
8640	214
8641	268
8642	234
8643	208
8644	242
8645	277
8646	328
8647	389
8648	974
8649	1858
8650	2179
8651	1653
8652	4120
8653	2636
8654	2093
8655	2519
8656	1880
8657	2656
8658	408
8659	408
8660	516
8661	430
8662	385
8663	287
8664	284
8665	263
8666	215
8667	217
8668	214
8669	218
8670	345
8671	398
8672	388
8673	1658
8674	3179
8675	3628
8676	3326
8677	2524
8678	2066
8679	2177
8680	1785
8681	1782
8682	1542
8683	594
8684	549
8685	484
8686	442
8687	282
8688	237
8689	235
8690	231
8691	224
8692	223
8693	218
8694	312
8695	418
8696	1126
8697	1433
8698	3844
8699	3160
8700	3177
8701	2015
8702	2243
8703	1991
8704	1886
8705	1468
8706	1123
8707	685
8708	594
8709	551
8710	494
8711	398
8712	338
8713	330
8714	317
8715	330
8716	357
8717	370
8718	410
8719	443
8720	1126
8721	1210
8722	3785
8723	1791
8724	5156
8725	1203
8726	1188
8727	1630
8728	1294
8729	1696
8730	1567
8731	1347
8732	628
8733	393
8734	382
8735	225
8736	233
8737	242
8738	246
8739	270
8740	234
8741	274
8742	315
8743	468
8744	538
8745	2793
8746	3658
8747	2786
8748	3343
8749	2120
8750	2016
8751	1706
8752	2412
8753	2091
8754	949
8755	726
8756	595
8757	483
8758	408
8759	280
8760	224
